Merged_county_ID,Fips_codes
1,01003
2,01009
3,01015
4,01043
5,01049
6,01051
7,01055
8,01071
9,01073
10,01077
11,01083
12,01089
13,01095
14,01097
15,01101
16,01103
17,01115
18,01117
19,01121
20,01125
21,01127
22,"01063, 01065, 01007, 01021"
23,"01085, 01001 "
24,"01035, 01013, 01041, 01099"
25,"01023, 01129, 01025 "
26,"01075, 01057, 01107, 01093"
27,"01037, 01027, 01029, 01111, 01019"
28,"01133, 01059 "
29,"01067, 01069, 01061 "
30,"01109, 01031 "
31,"01079, 01033 "
32,"01017, 01123 "
33,"01039, 01053 "
34,"01105, 01091, 01131, 01119, 01047"
35,"01113, 01081 "
36,"01011, 01087, 01005, 01045"
37,04001
38,04005
39,04013
40,04015
41,04017
42,04019
43,04021
44,04025
45,"04011, 04009, 04007 "
46,"04023, 04003 "
47,"04012, 04027 "
48,05007
49,05031
50,05045
51,05051
52,05085
53,05115
54,05119
55,05131
56,05143
57,05145
58,"05025, 05079, 05053, 05069"
59,"05105, 05125 "
60,"05013, 05039, 05011, 05043, 05017, 05041, 05001, 05107"
61,"05081, 05133, 05113, 05057"
62,"05087, 05047, 05033 "
63,"05141, 05029, 05149 "
64,"05003, 05139 "
65,"05019, 05103, 05027 "
66,"05129, 05101, 05137, 05065, 05049, 05083, 05071 "
67,"05023, 05063 "
68,"05111, 05035 "
69,"05147, 05095, 05117, 05077, 05037, 05067, 05123 "
70,"05073, 05099, 05109, 05097, 05127, 05061, 05059 "
71,"05021, 05121, 05135, 05075, 05055"
72,"05089, 05009, 05015, 05005"
73,05091
74,05093
75,06001
76,06007
77,06013
78,06017
79,06019
80,06023
81,06025
82,06029
83,06031
84,06033
85,06037
86,06039
87,06041
88,06045
89,06047
90,06053
91,06055
92,06057
93,06059
94,06061
95,06065
96,06067
97,06069
98,06071
99,06073
100,06075
101,06077
102,06079
103,06081
104,06083
105,06085
106,06087
107,06089
108,06095
109,06097
110,06099
111,06101
112,06107
113,06111
114,06113
115,06115
116,"06091, 06063, 06035, 06049"
117,"06043, 06109 "
118,"06011, 06021, 06103 "
119,"06105, 06093, 06015 "
120,"06003, 06051, 06027, 06005, 06009"
121,08041
122,08069
123,08077
124,08101
125,"08057, 08049, 08107, 08103, 08081, 08117 "
126,"08047, 08019, 08093, 08119, 08035, 08039 "
127,"08061, 08017, 08025, 08011, 08009, 08073, 08121, 08063, 08125, 08095, 08115, 08099, 08071, 08089, 08075, 08087"
128,"08083, 08067 "
129,"08065, 08097, 08051, 08015, 08029, 08085 "
130,"08037, 08045 "
131,"08111, 08053, 08079, 08033, 08091, 08109, 08027, 08113, 08055, 08023, 08021, 08007, 08105, 08003, 08043 "
132,"08001, 08013, 08005, 08059, 08014, 08123, 08031"
133,09001
134,09003
135,09005
136,09007
137,09009
138,09011
139,09013
140,09015
141,10001
142,10003
143,10005
144,11001
145,12005
146,12009
147,12011
148,12015
149,12019
150,12021
151,12031
152,12033
153,12053
154,12055
155,12057
156,12061
157,12069
158,12071
159,12081
160,12083
161,12085
162,12087
163,12091
164,12095
165,12097
166,12099
167,12101
168,12103
169,12105
170,12109
171,12111
172,12113
173,12115
174,12117
175,12127
176,"12077, 12013, 12037, 12045, 12063"
177,"12043, 12027, 12049 "
178,"12041, 12001 "
179,"12059, 12133, 12131 "
180,"12003, 12089 "
181,"12051, 12093 "
182,"12067, 12029, 12079, 12047, 12123, 12075 "
183,"12125, 12007, 12023, 12121"
184,"12065, 12129, 12073, 12039"
185,"12035, 12107 "
186,"12119, 12017 "
187,"12025, 12086 "
188,13021
189,13031
190,13047
191,13051
192,13057
193,13059
194,13063
195,13067
196,13077
197,13089
198,13097
199,13113
200,13115
201,13117
202,13121
203,13135
204,13139
205,13151
206,13153
207,13217
208,13247
209,13285
210,"13239, 13061, 13259, 13307, 13037, 13243, 13099, 13201, 13253"
211,"13007, 13095 "
212,"13065, 13003, 13019, 13155, 13287, 13075 "
213,"13197, 13053, 13215 "
214,"13289, 13169, 13159, 13035"
215,"13281, 13241, 13291, 13111"
216,"13273, 13177, 13321 "
217,"13183, 13191, 13179 "
218,"13149, 13045 "
219,"13221, 13195, 13219 "
220,"13079, 13207, 13171, 13231"
221,"13025, 13127 "
222,"13083, 13295 "
223,"13211, 13237, 13009 "
224,"13101, 13173, 13185, 13027"
225,"13085, 13227, 13015 "
226,"13309, 13283, 13209, 13167, 13319, 13023, 13163, 13303"
227,"13017, 13069 "
228,"13265, 13301, 13125, 13141, 13317, 13181, 13133, 13105"
229,"13311, 13187, 13137 "
230,"13189, 13073 "
231,"13199, 13145, 13255 "
232,"13081, 13261 "
233,"13033, 13245 "
234,"13123, 13129 "
235,"13029, 13103 "
236,13055
237,"13143, 13223 "
238,"13235, 13091, 13271, 13161, 13279"
239,"13249, 13269, 13263, 13193, 13093, 13315, 13225, 13293"
240,"13109, 13267, 13001, 13229, 13305"
241,"13213, 13313 "
242,"13277, 13071 "
243,13233
244,"13205, 13131, 13087, 13275"
245,"13011, 13119, 13147, 13257, 13157"
246,"13049, 13299, 13005, 13039"
247,"13165, 13251, 13107, 13043, 13175"
248,"13013, 13297 "
249,16001
250,16055
251,"16025, 16063, 16047, 16053, 16013, 16071, 16031, 16067"
252,"16007, 16029, 16011 "
253,"16061, 16035, 16079, 16009, 16049, 16057, 16021, 16017"
254,"16015, 16045, 16027, 16073"
255,"16077, 16005, 16041 "
256,"16051, 16019 "
257,"16039, 16083 "
258,"16033, 16023, 16037, 16085, 16003, 16059, 16087, 16043, 16081, 16075, 16065 "
259,16069
260,17001
261,17019
262,17029
263,17031
264,17043
265,17089
266,17091
267,17097
268,17111
269,17113
270,17119
271,17141
272,17143
273,17161
274,17179
275,17195
276,17197
277,17199
278,17201
279,"17013, 17083, 17117 "
280,"17171, 17061, 17137 "
281,"17155, 17011, 17103 "
282,"17175, 17123, 17203 "
283,"17047, 17185, 17101, 17159, 17079"
284,"17071, 17187, 17067, 17109"
285,"17035, 17023, 17045, 17033"
286,"17129, 17167 "
287,"17053, 17183 "
288,"17139, 17041, 17173 "
289,"17151, 17069, 17059, 17065, 17087, 17153, 17003, 17193, 17127"
290,"17189, 17145, 17157 "
291,"17015, 17085, 17177 "
292,"17131, 17073 "
293,"17147, 17115 "
294,"17005, 17027 "
295,"17009, 17169, 17017, 17125, 17149, 17039, 17107 "
296,"17181, 17077 "
297,"17165, 17055 "
298,"17133, 17163 "
299,"17135, 17021 "
300,17075
301,"17025, 17191, 17051, 17049"
302,"17057, 17095 "
303,"17105, 17099 "
304,"17063, 17093 "
305,"17081, 17121 "
306,"17007, 17037 "
307,18005
308,18019
309,18035
310,18039
311,18043
312,18057
313,18081
314,18085
315,18089
316,18091
317,18095
318,18097
319,18105
320,18127
321,18141
322,18157
323,18163
324,18173
325,"18161, 18041, 18139, 18031"
326,"18007, 18111, 18073 "
327,"18155, 18137, 18079 "
328,"18101, 18117, 18025, 18123"
329,"18125, 18027, 18083 "
330,"18165, 18167 "
331,"18159, 18067, 18015 "
332,"18147, 18037 "
333,"18115, 18029, 18047 "
334,"18143, 18077 "
335,"18181, 18017 "
336,"18129, 18051 "
337,"18175, 18061 "
338,"18179, 18003, 18183 "
339,"18169, 18103 "
340,"18171, 18045, 18121, 18107, 18023"
341,"18153, 18021, 18119, 18055"
342,"18151, 18087 "
343,"18009, 18075, 18135, 18001"
344,"18013, 18109, 18133 "
345,"18069, 18053 "
346,"18033, 18113 "
347,"18071, 18093 "
348,"18145, 18059 "
349,"18011, 18063 "
350,"18131, 18049, 18149, 18099"
351,"18065, 18177 "
352,19113
353,19153
354,19163
355,19169
356,19193
357,"19071, 19137, 19029, 19165, 19145"
358,"19133, 19047, 19161, 19021"
359,"19107, 19095, 19101, 19171"
360,"19197, 19079, 19109, 19015"
361,"19085, 19155, 19129 "
362,"19143, 19119, 19141, 19035, 19093, 19059, 19041 "
363,"19031, 19139 "
364,"19157, 19123, 19125 "
365,"19105, 19061 "
366,"19097, 19045 "
367,"19003, 19159, 19173, 19001, 19009, 19053, 19185, 19135, 19027"
368,"19195, 19189, 19131, 19089, 19081, 19069, 19191 "
369,"19005, 19043, 19055, 19065, 19019"
370,"19075, 19013, 19017 "
371,"19149, 19167 "
372,"19183, 19103, 19011 "
373,"19177, 19051, 19007, 19117, 19039, 19175, 19179 "
374,"19151, 19147, 19025, 19073, 19091, 19063, 19187 "
375,"19099, 19127 "
376,"19115, 19087, 19111, 19057"
377,"19077, 19121, 19049, 19181"
378,"19037, 19023, 19067, 19083, 19033"
379,20045
380,20091
381,20155
382,20161
383,20173
384,20177
385,20209
386,"20123, 20029, 20027, 20041, 20061"
387,20043
388,"20013, 20131, 20117, 20005, 20149"
389,"20085, 20087, 20103 "
390,"20021, 20037 "
391,"20089, 20141, 20105, 20183, 20157, 20163, 20147, 20137, 20053, 20201, 20143, 20009"
392,"20165, 20145, 20185, 20167, 20151, 20007, 20077, 20095, 20159, 20051 "
393,"20197, 20139, 20059, 20107, 20121"
394,"20113, 20169 "
395,"20093, 20081, 20119, 20171, 20189, 20069, 20067, 20175, 20057"
396,"20191, 20015, 20079 "
397,"20001, 20011, 20133, 20099, 20125"
398,"20071, 20199, 20203, 20075, 20187, 20109, 20063, 20101, 20179, 20065, 20039, 20153, 20023, 20195, 20135, 20083, 20047, 20097, 20033, 20025, 20129, 20181, 20193, 20055"
399,"20049, 20019, 20073, 20017, 20207, 20127, 20003, 20031, 20205, 20115, 20111, 20035"
400,21015
401,21029
402,21037
403,21067
404,21111
405,21117
406,21145
407,21151
408,21195
409,"21105, 21039, 21075, 21007, 21083"
410,"21057, 21053, 21169, 21171, 21087, 21207 "
411,"21077, 21081, 21191, 21023"
412,"21091, 21059 "
413,"21149, 21233, 21101 "
414,"21041, 21187, 21073 "
415,"21215, 21179, 21123 "
416,"21061, 21227 "
417,"21219, 21141, 21031, 21213"
418,"21221, 21047 "
419,"21153, 21025, 21119, 21115"
420,"21069, 21135, 21161, 21043"
421,"21147, 21231, 21235 "
422,"21099, 21085, 21027 "
423,"21003, 21009 "
424,"21201, 21181, 21011, 21165, 21237, 21129, 21189, 21175, 21197, 21173, 21097 "
425,"21079, 21203, 21167, 21005"
426,"21229, 21155, 21045, 21001, 21217"
427,"21239, 21113 "
428,"21183, 21177 "
429,"21137, 21021, 21199 "
430,"21133, 21095, 21013 "
431,"21163, 21093 "
432,"21131, 21051, 21109, 21065, 21193"
433,"21157, 21035 "
434,"21121, 21125 "
435,"21017, 21209, 21049 "
436,"21089, 21019 "
437,"21063, 21127, 21159, 21205, 21071"
438,"21223, 21103, 21211, 21185"
439,"21143, 21055, 21139, 21033, 21225, 21107 "
440,22001
441,22005
442,22015
443,22033
444,22045
445,22051
446,22055
447,22057
448,22063
449,22097
450,22103
451,22109
452,22113
453,"22107, 22025, 22021, 22065, 22035, 22123 "
454,"22023, 22019 "
455,"22081, 22013, 22127, 22059"
456,"22091, 22037, 22125, 22121"
457,"22027, 22119 "
458,"22049, 22061 "
459,"22087, 22075, 22071 "
460,"22043, 22079 "
461,"22083, 22041, 22067 "
462,"22029, 22009 "
463,"22093, 22007, 22101 "
464,"22111, 22073 "
465,"22085, 22069 "
466,"22031, 22017 "
467,"22011, 22115 "
468,"22003, 22053, 22039 "
469,"22095, 22089 "
470,"22117, 22105 "
471,"22077, 22047, 22099 "
472,23003
473,23005
474,23011
475,23019
476,23031
477,"23021, 23025 "
478,"23007, 23017 "
479,"23029, 23009 "
480,"23023, 23001 "
481,"23015, 23027, 23013 "
482,24001
483,24003
484,24005
485,24009
486,24013
487,24015
488,24017
489,24021
490,24025
491,24027
492,24037
493,24043
494,24510
495,24029
496,"24039, 24045 "
497,24023
498,"24019, 24011, 24041 "
499,24035
500,24047
501,"24031, 24033 "
502,25001
503,25003
504,25005
505,25009
506,25011
507,25013
508,25015
509,25017
510,25021
511,25023
512,25025
513,25027
514,"25019, 25007 "
515,26005
516,26015
517,26017
518,26021
519,26025
520,26027
521,26037
522,26045
523,26049
524,26055
525,26065
526,26067
527,26073
528,26075
529,26077
530,26081
531,26087
532,26091
533,26093
534,26099
535,26103
536,26111
537,26115
538,26125
539,26139
540,26145
541,26147
542,26149
543,26155
544,26157
545,26159
546,26161
547,26163
548,"26095, 26153, 26003, 26097, 26033"
549,"26085, 26133, 26113, 26079"
550,"26083, 26061, 26131, 26013, 26071, 26053 "
551,"26011, 26129, 26143 "
552,"26009, 26137, 26031 "
553,"26109, 26043, 26041 "
554,"26029, 26047 "
555,"26127, 26105 "
556,"26135, 26119, 26001, 26141, 26039, 26069, 26007 "
557,"26019, 26089, 26101, 26165"
558,"26063, 26151 "
559,"26057, 26117 "
560,"26051, 26035, 26107 "
561,"26023, 26059 "
562,"26123, 26121 "
563,27003
564,27019
565,27035
566,27037
567,27053
568,27111
569,27123
570,27139
571,27145
572,27163
573,27171
574,"27077, 27071, 27135, 27069, 27089, 27113, 27125 "
575,"27031, 27075 "
576,"27121, 27041, 27153 "
577,"27165, 27091, 27043, 27161"
578,"27023, 27129, 27143, 27127"
579,27055
580,"27081, 27117, 27101, 27133, 27033, 27063, 27105 "
581,"27039, 27109, 27157 "
582,"27155, 27011, 27051, 27167, 27073, 27151, 27149, 27173, 27083"
583,"27065, 27001, 27095, 27115"
584,"27015, 27103 "
585,"27079, 27013 "
586,"27021, 27097 "
587,"27087, 27107, 27029, 27057, 27159, 27005 "
588,"27047, 27147 "
589,"27059, 27025 "
590,27119
591,"27017, 27137 "
592,"27009, 27141 "
593,"27007, 27061 "
594,"27093, 27085, 27067 "
595,"27049, 27131 "
596,"27045, 27099, 27169 "
597,27027
598,28033
599,28047
600,28049
601,28059
602,28067
603,28075
604,28081
605,28089
606,28121
607,"28063, 28037, 28157, 28021, 28005, 28001 "
608,"28019, 28159, 28069, 28103, 28007"
609,"28143, 28137, 28093 "
610,"28065, 28077, 28147, 28031"
611,"28111, 28131, 28039, 28045"
612,"28017, 28025, 28115 "
613,"28141, 28057, 28117 "
614,"28043, 28083, 28133 "
615,"28027, 28011 "
616,"28091, 28109 "
617,"28163, 28149 "
618,"28127, 28029 "
619,"28129, 28101, 28079, 28099"
620,"28041, 28153, 28023, 28061, 28123"
621,"28085, 28113 "
622,"28107, 28071 "
623,"28009, 28139, 28145, 28003"
624,"28095, 28087 "
625,"28073, 28035 "
626,"28119, 28135, 28161, 28013, 28155, 28105 "
627,"28055, 28125, 28053, 28051, 28015, 28097, 28151 "
628,29021
629,29043
630,29047
631,29077
632,29095
633,29097
634,29099
635,29165
636,29183
637,29187
638,29189
639,29510
640,"29227, 29075, 29061, 29081, 29129, 29171, 29197, 29199, 29103, 29205, 29087, 29005, 29147"
641,"29211, 29079, 29115, 29041, 29033, 29117 "
642,"29125, 29073, 29139, 29163"
643,"29025, 29063, 29003, 29049"
644,"29173, 29007, 29175 "
645,"29089, 29019 "
646,"29017, 29223, 29157, 29186"
647,"29133, 29143, 29155, 29207"
648,"29151, 29027 "
649,"29135, 29051 "
650,"29065, 29055, 29161 "
651,"29045, 29111, 29127, 29137, 29121, 29001 "
652,"29059, 29167, 29225 "
653,"29013, 29037 "
654,"29057, 29011, 29039, 29185, 29085, 29217 "
655,"29119, 29145 "
656,"29221, 29071 "
657,"29053, 29141, 29015, 29195"
658,"29177, 29107 "
659,"29131, 29029 "
660,"29219, 29113 "
661,"29181, 29023, 29069 "
662,"29105, 29169 "
663,"29209, 29009, 29109 "
664,"29035, 29179, 29203, 29093, 29149, 29123, 29091 "
665,"29153, 29067, 29229, 29215, 29213"
666,"29201, 29031 "
667,"29083, 29159, 29101 "
668,30013
669,30063
670,"30061, 30089, 30053, 30047"
671,"30099, 30049 "
672,"30069, 30033, 30079, 30109, 30055, 30025, 30011, 30075, 30071, 30065, 30037, 30107, 30059, 30045, 30097, 30007, 30015, 30051, 30101, 30073, 30103, 30087, 30017, 30003, 30019, 30091, 30105, 30085, 30083, 30021, 30005, 30027, 30041"
673,"30095, 30113, 30031, 30067 "
674,"30009, 30111 "
675,"30035, 30029 "
676,"30039, 30077, 30023, 30001, 30057, 30043, 30093, 30081"
677,"31133, 31097, 31127, 31147, 31131, 31067 "
678,"31051, 31043 "
679,"31101, 31111, 31041 "
680,"31143, 31121, 31093, 31023, 31037, 31167, 31139, 31039, 31053"
681,"31137, 31047, 31019 "
682,"31011, 31003, 31107, 31027, 31179, 31173, 31021, 31089"
683,"31005, 31117, 31075, 31171, 31009, 31115, 31091, 31113, 31149, 31103, 31071, 31183, 31069, 31049, 31015, 31077, 31135, 31085, 31057, 31063, 31073, 31087, 31017, 31163, 31125, 31029, 31175, 31065, 31145"
684,"31061, 31083, 31181, 31129, 31169, 31059, 31035, 31099, 31095, 31081, 31185, 31151"
685,"31159, 31109 "
686,"31177, 31055 "
687,"31155, 31025, 31153 "
688,"31001, 31079 "
689,"31141, 31119 "
690,"31007, 31105, 31123, 31161, 31031, 31045, 31165, 31033, 31013, 31157 "
691,32003
692,32031
693,"32029, 32510 "
694,"32013, 32007 "
695,"32009, 32021, 32001, 32027, 32015, 32011, 32033, 32017, 32023"
696,"32019, 32005 "
697,33001
698,33009
699,33011
700,33013
701,33015
702,33017
703,"33007, 33003 "
704,"33019, 33005 "
705,34001
706,34003
707,34005
708,34007
709,34009
710,34011
711,34013
712,34015
713,34017
714,34019
715,34021
716,34023
717,34025
718,34027
719,34029
720,34031
721,34033
722,34035
723,34037
724,34039
725,34041
726,35001
727,35005
728,35013
729,35031
730,35035
731,35043
732,35045
733,35049
734,"35003, 35051, 35053, 35027"
735,"35023, 35029, 35017 "
736,"35057, 35006, 35061  "
737,"35028, 35039, 35055 "
738,"35021, 35059, 35033, 35037, 35011, 35019, 35007, 35041, 35047, 35009 "
739,"35015, 35025 "
740,36001
741,36005
742,36007
743,36009
744,36011
745,36013
746,36019
747,36021
748,36027
749,36029
750,36037
751,36043
752,36047
753,36051
754,36053
755,36055
756,36059
757,36061
758,36065
759,36067
760,36069
761,36071
762,36075
763,36077
764,36079
765,36081
766,36083
767,36085
768,36087
769,36089
770,36091
771,36101
772,36103
773,36105
774,36109
775,36111
776,36113
777,36115
778,36117
779,36119
780,"36041, 36031, 36033 "
781,"36097, 36123, 36099 "
782,"36049, 36045 "
783,"36095, 36093 "
784,"36121, 36003 "
785,"36073, 36063 "
786,"36039, 36025 "
787,"36023, 36017 "
788,"36057, 36035 "
789,"36107, 36015 "
790,37021
791,37023
792,37025
793,37035
794,37045
795,37057
796,37063
797,37067
798,37071
799,37081
800,37089
801,37097
802,37101
803,37107
804,37109
805,37119
806,37129
807,37133
808,37151
809,37155
810,37159
811,37163
812,37167
813,37171
814,37183
815,37193
816,37195
817,"37075, 37173, 37039, 37043"
818,"37103, 37061 "
819,"37005, 37009, 37189 "
820,"37137, 37013 "
821,"37121, 37011, 37199, 37111"
822,"37149, 37161 "
823,37053
824,"37079, 37191 "
825,"37115, 37087 "
826,"37117, 37083 "
827,37033
828,"37007, 37179 "
829,"37123, 37153 "
830,"37113, 37099, 37175 "
831,"37177, 37095, 37187, 37015, 37131, 37055 "
832,"37017, 37047 "
833,"37093, 37051 "
834,"37003, 37027 "
835,"37165, 37125 "
836,"37059, 37197 "
837,"37029, 37073, 37143, 37041, 37091, 37139 "
838,"37145, 37135 "
839,"37141, 37019 "
840,"37169, 37157 "
841,"37185, 37181, 37077 "
842,"37069, 37127 "
843,"37037, 37001 "
844,"37105, 37085 "
845,"37065, 37147 "
846,"37031, 37049 "
847,38017
848,38035
849,38101
850,"38031, 38093, 38003, 38073, 38081, 38021, 38077 "
851,"38065, 38057, 38055, 38049, 38075, 38013, 38023, 38069, 38095, 38019, 38009, 38061, 38005, 38071, 38099, 38067, 38079"
852,"38087, 38007, 38033, 38001, 38037, 38041, 38011, 38025, 38085, 38029, 38047, 38043, 38083, 38051, 38045, 38103, 38027, 38039, 38091, 38063, 38053, 38105, 38097, 38089"
853,"38059, 38015 "
854,39003
855,39005
856,39007
857,39009
858,39013
859,39023
860,39029
861,39035
862,39043
863,39045
864,39049
865,39055
866,39057
867,39061
868,39063
869,39077
870,39083
871,39085
872,39087
873,39089
874,39093
875,39099
876,39101
877,39103
878,39109
879,39113
880,39119
881,39133
882,39139
883,39141
884,39143
885,39145
886,39147
887,39151
888,39153
889,39155
890,39157
891,39165
892,39167
893,39169
894,"39121, 39111, 39115, 39127"
895,"39163, 39105, 39073 "
896,"39067, 39059 "
897,"39125, 39161, 39137 "
898,"39019, 39081 "
899,"39047, 39027 "
900,"39053, 39079 "
901,"39117, 39041 "
902,"39031, 39075 "
903,"39021, 39091 "
904,"39069, 39171, 39039 "
905,"39001, 39131, 39071 "
906,"39123, 39173 "
907,"39107, 39011 "
908,"39015, 39025 "
909,"39135, 39017 "
910,"39051, 39095 "
911,"39175, 39065, 39033 "
912,"39097, 39159, 39129 "
913,"39149, 39037 "
914,40017
915,40027
916,40031
917,40037
918,40047
919,40101
920,40109
921,40119
922,40125
923,40131
924,40143
925,"40053, 40071, 40103 "
926,"40029, 40069, 40099, 40063, 40107"
927,"40025, 40139, 40007, 40059, 40045, 40129, 40043, 40093, 40003, 40151, 40153 "
928,"40095, 40013, 40019 "
929,"40117, 40113 "
930,"40091, 40121 "
931,"40001, 40041 "
932,"40133, 40123 "
933,"40057, 40055, 40075, 40141, 40033, 40067, 40085, 40149, 40065"
934,"40049, 40137 "
935,"40087, 40051 "
936,"40011, 40073, 40039, 40009, 40015"
937,"40081, 40083 "
938,"40077, 40127, 40061, 40005, 40023, 40089 "
939,"40097, 40021 "
940,"40135, 40079 "
941,"40111, 40145 "
942,"40105, 40035, 40115, 40147"
943,41003
944,41005
945,41017
946,41019
947,41029
948,41033
949,41035
950,41039
951,41043
952,41047
953,41051
954,41053
955,41059
956,41071
957,"41031, 41013, 41065, 41027"
958,"41015, 41011 "
959,"41069, 41021, 41055, 41023, 41025, 41037, 41049, 41001, 41063, 41061, 41045 "
960,"41057, 41007, 41041 "
961,"41009, 41067 "
962,42001
963,42003
964,42005
965,42007
966,42011
967,42013
968,42017
969,42019
970,42021
971,42025
972,42027
973,42029
974,42033
975,42039
976,42043
977,42045
978,42049
979,42051
980,42055
981,42063
982,42071
983,42073
984,42075
985,42077
986,42079
987,42081
988,42085
989,42089
990,42091
991,42095
992,42097
993,42101
994,42107
995,42121
996,42125
997,42129
998,42133
999,"42113, 42015 "
1000,"42093, 42037 "
1001,"42067, 42109 "
1002,"42131, 42069 "
1003,42059
1004,"42035, 42119 "
1005,"42031, 42065 "
1006,"42123, 42083 "
1007,"42053, 42047, 42023, 42105, 42117"
1008,"42115, 42127 "
1009,"42099, 42041 "
1010,"42057, 42061, 42087 "
1011,42103
1012,"42009, 42111 "
1013,44003
1014,44005
1015,44009
1016,"44001, 44007 "
1017,45007
1018,45013
1019,45015
1020,45019
1021,45021
1022,45031
1023,45035
1024,45041
1025,45043
1026,45045
1027,45051
1028,45057
1029,45059
1030,45063
1031,45073
1032,45077
1033,45079
1034,45083
1035,45091
1036,"45065, 45001, 45047 "
1037,"45017, 45085 "
1038,45061
1039,"45081, 45037, 45003 "
1040,"45005, 45009, 45049, 45053, 45011"
1041,"45039, 45055 "
1042,"45067, 45089, 45027 "
1043,"45087, 45023, 45071 "
1044,"45029, 45075 "
1045,"45069, 45033, 45025 "
1046,"46021, 46089, 46045, 46031, 46041, 46129, 46013 "
1047,"46087, 46125, 46083, 46127, 46099"
1048,"46053, 46123, 46121, 46023, 46015, 46009, 46067, 46035, 46027, 46135 "
1049,"46075, 46055, 46095, 46137, 46117, 46119, 46069, 46017, 46073, 46111, 46097, 46107, 46049, 46003, 46071, 46043, 46105, 46063, 46061, 46007, 46059, 46085, 46047, 46033, 46102, 46113, 46019, 46081, 46065"
1050,"46093, 46103 "
1051,"46025, 46077, 46037, 46091, 46057, 46039, 46115, 46051, 46109, 46101, 46079, 46011, 46005, 46029 "
1052,47001
1053,47037
1054,47063
1055,47073
1056,47093
1057,47119
1058,47141
1059,47145
1060,47149
1061,47155
1062,47157
1063,47163
1064,47165
1065,47179
1066,47187
1067,"47175, 47007, 47185, 47041"
1068,"47095, 47131, 47183 "
1069,"47127, 47103, 47117 "
1070,"47135, 47101, 47039, 47181, 47005, 47083, 47085 "
1071,"47121, 47143, 47035 "
1072,"47153, 47115, 47065 "
1073,"47161, 47125 "
1074,"47169, 47159, 47111, 47189, 47015"
1075,"47023, 47113 "
1076,"47139, 47011 "
1077,47091
1078,"47171, 47019 "
1079,"47173, 47057, 47089 "
1080,"47137, 47027, 47087, 47049, 47129, 47133 "
1081,"47081, 47043 "
1082,"47067, 47025, 47013, 47151"
1083,"47109, 47071, 47077 "
1084,"47097, 47045 "
1085,"47017, 47079 "
1086,"47047, 47167 "
1087,"47055, 47099 "
1088,"47029, 47059 "
1089,"47021, 47147 "
1090,"47003, 47031 "
1091,"47123, 47107 "
1092,"47105, 47009 "
1093,"47061, 47177, 47051 "
1094,"47033, 47075, 47069, 47053"
1095,48005
1096,48027
1097,48029
1098,48037
1099,48039
1100,48061
1101,48085
1102,48091
1103,48113
1104,48121
1105,48135
1106,48139
1107,48141
1108,48157
1109,48167
1110,48181
1111,48187
1112,48201
1113,48203
1114,48209
1115,48213
1116,48215
1117,48245
1118,48251
1119,48309
1120,48329
1121,48339
1122,48347
1123,48355
1124,48375
1125,48423
1126,48427
1127,48439
1128,48453
1129,48479
1130,48491
1131,"48235, 48451 "
1132,"48011, 48065, 48381 "
1133,"48333, 48411, 48307, 48193, 48083, 48399, 48093 "
1134,"48119, 48231 "
1135,"48305, 48115, 48165, 48003, 48219"
1136,"48107, 48303 "
1137,"48175, 48469 "
1138,"48335, 48353, 48415, 48227"
1139,"48391, 48025, 48255, 48177"
1140,"48031, 48299, 48053 "
1141,"48009, 48077, 48485 "
1142,"48379, 48223, 48159, 48063"
1143,"48313, 48289, 48161, 48225"
1144,"48059, 48253, 48441 "
1145,"48455, 48373 "
1146,"48079, 48017, 48501, 48369, 48069, 48437, 48153, 48445, 48279, 48189 "
1147,"48239, 48285, 48123 "
1148,"48395, 48051, 48041 "
1149,"48287, 48149, 48089 "
1150,"48019, 48259, 48325 "
1151,"48281, 48099 "
1152,"48337, 48097 "
1153,"48261, 48047, 48247, 48131, 48311, 48283, 48127, 48297, 48505, 48489 "
1154,"48457, 48241 "
1155,"48393, 48295, 48211, 48483, 48195, 48421, 48205, 48359, 48111, 48357, 48117, 48341, 48233"
1156,"48057, 48007, 48409 "
1157,"48269, 48263, 48345, 48155, 48433, 48101, 48045, 48125, 48191, 48087, 48129, 48023, 48447, 48417, 48275, 48151, 48197, 48169, 48033, 48317, 48207, 48075, 48487, 48179"
1158,"48405, 48403, 48351, 48419, 48365"
1159,"48015, 48473 "
1160,"48463, 48323 "
1161,"48407, 48291, 48071 "
1162,"48363, 48143 "
1163,"48147, 48277 "
1164,"48315, 48343, 48387, 48449, 48067"
1165,"48273, 48249 "
1166,"48055, 48021 "
1167,"48493, 48013 "
1168,"48499, 48467 "
1169,"48321, 48481 "
1170,"48237, 48503, 48429, 48133, 48049"
1171,"48425, 48035, 48217, 48221"
1172,"48397, 48257 "
1173,"48137, 48385, 48271, 48267, 48507, 48163, 48171, 48265"
1174,"48001, 48073 "
1175,"48145, 48293, 48331, 48349"
1176,"48301, 48495, 48475, 48103, 48461, 48173, 48431, 48383, 48081, 48105, 48443, 48413, 48327, 48095, 48319, 48435, 48243, 48109, 48229, 48377, 48043, 48389, 48371, 48465"
1177,"48459, 48183, 48401 "
1178,"48497, 48367 "
1179,"48199, 48361 "
1180,"48185, 48477, 48471 "
1181,49005
1182,49011
1183,49035
1184,49049
1185,49053
1186,49033
1187,"49029, 49043, 49057, 49023, 49045"
1188,"49009, 49013, 49051, 49007, 49041, 49039 "
1189,"49031, 49055, 49017, 49001, 49025, 49019, 49015, 49027, 49037, 49047, 49021 "
1190,49003
1191,50007
1192,50021
1193,50023
1194,"50009, 50019, 50015 "
1195,"50013, 50011 "
1196,"50017, 50005 "
1197,"50001, 50027 "
1198,"50003, 50025 "
1199,51041
1200,51085
1201,51087
1202,51107
1203,51121
1204,51179
1205,51510
1206,51550
1207,51680
1208,51710
1209,51740
1210,51760
1211,51770
1212,51810
1213,"51021, 51197, 51077 "
1214,"51091, 51017, 51560, 51005, 51580, 51163, 51530, 51678 "
1215,"51640, 51035, 51063, 51141"
1216,"51115, 51073, 51095, 51830  "
1217,"51610, 51013 "
1218,"51735, 51650 "
1219,"51131, 51001 "
1220,"51690, 51089 "
1221,"51043, 51187, 51061 "
1222,"51045, 51071, 51023, 51750, 51155"
1223,"51079, 51165, 51660  "
1224,"51111, 51037, 51135, 51025, 51029, 51147, 51081, 51595, 51175, 51620 "
1225,"51570, 51730, 51053 "
1226,"51159, 51057, 51119, 51103, 51133, 51193, 51099 "
1227,"51670, 51149 "
1228,"51097, 51101, 51127, 51036, 51181, 51183, 51033 "
1229,"51520, 51191, 51169 "
1230,"51027, 51167 "
1231,"51840, 51069 "
1232,"51720, 51195, 51051, 51105"
1233,"51775, 51161 "
1234,"51049, 51007, 51075, 51065, 51145, 51109 "
1235,"51093, 51800 "
1236,"51117, 51780, 51083  "
1237,"51173, 51185 "
1238,"51157, 51113, 51139, 51137, 51047, 51171 "
1239,"51067, 51019, 51515  "
1240,"51011, 51125, 51009, 51031"
1241,"51003, 51540 "
1242,"51015, 51790, 51820"
1243,"51059, 51600 "
1244,"51143, 51590 "
1245,"51153, 51683, 51685"
1246,"51177, 51630 "
1247,"51199, 51700 "
1248,53009
1249,53011
1250,53029
1251,53033
1252,53035
1253,53041
1254,53053
1255,53055
1256,53057
1257,53061
1258,53063
1259,53067
1260,53071
1261,53073
1262,53077
1263,"53069, 53049, 53027 "
1264,"53059, 53015 "
1265,"53019, 53047, 53065, 53051"
1266,"53023, 53013, 53075, 53043, 53001"
1267,53039
1268,53003
1269,"53031, 53045 "
1270,"53017, 53007 "
1271,"53037, 53025 "
1272,"53021, 53005 "
1273,54011
1274,54033
1275,54055
1276,54079
1277,54081
1278,"54021, 54017, 54013, 54095, 54085, 54007 "
1279,"54105, 54107, 54073 "
1280,"54015, 54039 "
1281,"54089, 54063, 54025 "
1282,"54087, 54035, 54053 "
1283,"54065, 54027, 54057 "
1284,"54103, 54049 "
1285,"54001, 54091, 54097, 54041"
1286,"54043, 54005, 54099 "
1287,"54009, 54029 "
1288,"54067, 54019 "
1289,"54093, 54023, 54071, 54075, 54101, 54031, 54083 "
1290,"54077, 54061 "
1291,"54051, 54069 "
1292,"54047, 54109, 54059, 54045"
1293,"54037, 54003 "
1294,55017
1295,55021
1296,55027
1297,55035
1298,55055
1299,55059
1300,55063
1301,55071
1302,55073
1303,55079
1304,55087
1305,55089
1306,55101
1307,55105
1308,55111
1309,55117
1310,55127
1311,55131
1312,55133
1313,55139
1314,55141
1315,"55051, 55099, 55107, 55129, 55007"
1316,"55091, 55011, 55121, 55053"
1317,"55077, 55001, 55047 "
1318,"55003, 55113, 55005 "
1319,"55023, 55103, 55123 "
1320,"55065, 55045, 55043 "
1321,"55119, 55069, 55019 "
1322,"55049, 55025 "
1323,"55137, 55135 "
1324,"55057, 55081 "
1325,55029
1326,"55061, 55009, 55083 "
1327,"55093, 55109 "
1328,"55013, 55095, 55033 "
1329,"55115, 55097 "
1330,"55015, 55039 "
1331,"55078, 55067, 55041, 55037, 55125, 55085, 55075 "
1332,55031
1333,56021
1334,56025
1335,"56017, 56029, 56003, 56039"
1336,"56035, 56023, 56041, 56013"
1337,"56027, 56045, 56011, 56031, 56009, 56019, 56043, 56015"
1338,"56007, 56001, 56037 "
1339,"56033, 56005 "