zcta,tmean,date,day,month,year
06390,-3.599910719831478,01/01/1988,01,01,1988
10001,-1.4638922068099252,01/01/1988,01,01,1988
10002,-1.6374853154840336,01/01/1988,01,01,1988
10003,0.010009652911554867,01/01/1988,01,01,1988
10004,-7.5236701140232345,01/01/1988,01,01,1988
10005,-1.8977184208671485,01/01/1988,01,01,1988
10006,-1.8677485845709332,01/01/1988,01,01,1988
10007,-2.2629860353747158,01/01/1988,01,01,1988
10009,-8.726815858955806,01/01/1988,01,01,1988
10010,-1.25685807722945,01/01/1988,01,01,1988
10011,-2.7025995791691564,01/01/1988,01,01,1988
10012,-1.3699902608334362,01/01/1988,01,01,1988
10013,-1.5005911564646914,01/01/1988,01,01,1988
10014,-8.638517333607856,01/01/1988,01,01,1988
10016,-3.941871660575332,01/01/1988,01,01,1988
10017,-8.92878166151187,01/01/1988,01,01,1988
10018,-2.381057591351639,01/01/1988,01,01,1988
10019,-1.6782733545219874,01/01/1988,01,01,1988
10020,-7.55688669022743,01/01/1988,01,01,1988
10021,-1.4989831315906235,01/01/1988,01,01,1988
10022,-8.278102350985032,01/01/1988,01,01,1988
10023,1.2692007171971182,01/01/1988,01,01,1988
10024,-2.32930088008615,01/01/1988,01,01,1988
10025,-8.977795156575056,01/01/1988,01,01,1988
10026,-6.551255049038541,01/01/1988,01,01,1988
10027,-8.339956657403075,01/01/1988,01,01,1988
10028,-8.839504452846414,01/01/1988,01,01,1988
10029,-8.535158599374101,01/01/1988,01,01,1988
10030,-1.7468379777677807,01/01/1988,01,01,1988
10031,-1.5788758309826825,01/01/1988,01,01,1988
10032,-4.188316549489746,01/01/1988,01,01,1988
10033,1.7477237900952565,01/01/1988,01,01,1988
10034,-2.306093763931699,01/01/1988,01,01,1988
10035,-1.1610011264394933,01/01/1988,01,01,1988
10036,-2.4565689311837593,01/01/1988,01,01,1988
10037,-9.151317838919809,01/01/1988,01,01,1988
10038,-1.482919698368987,01/01/1988,01,01,1988
10039,-5.904266964976544,01/01/1988,01,01,1988
10040,-9.150051695307031,01/01/1988,01,01,1988
10041,1.1941230586373122,01/01/1988,01,01,1988
10044,-8.918146988932673,01/01/1988,01,01,1988
10048,-1.2920392475706308,01/01/1988,01,01,1988
10069,-1.197530339725108,01/01/1988,01,01,1988
10103,-4.923742500890311,01/01/1988,01,01,1988
10111,-1.9350011327023375,01/01/1988,01,01,1988
10112,-8.33327008660454,01/01/1988,01,01,1988
10115,-2.1815993255428836,01/01/1988,01,01,1988
10119,-7.443237512179165,01/01/1988,01,01,1988
10128,-2.1943191829629574,01/01/1988,01,01,1988
10152,-8.458779362978053,01/01/1988,01,01,1988
10153,-5.35090565966463,01/01/1988,01,01,1988
10154,1.1844664385238035,01/01/1988,01,01,1988
10162,-1.132999211388173,01/01/1988,01,01,1988
10165,-3.481691064599283,01/01/1988,01,01,1988
10167,1.16717360361428,01/01/1988,01,01,1988
10169,-5.727024686872962,01/01/1988,01,01,1988
10170,-2.155060708042053,01/01/1988,01,01,1988
10171,-7.359400110368337,01/01/1988,01,01,1988
10172,-5.463819916287034,01/01/1988,01,01,1988
10173,-3.706345552983393,01/01/1988,01,01,1988
10177,1.1725037489951364,01/01/1988,01,01,1988
10271,-5.006223873408348,01/01/1988,01,01,1988
10278,-1.2468529149440533,01/01/1988,01,01,1988
10279,1.923268759994473,01/01/1988,01,01,1988
10280,-2.3866783857260487,01/01/1988,01,01,1988
10282,-3.7356443192212185,01/01/1988,01,01,1988
10301,1.220961956147588,01/01/1988,01,01,1988
10302,-3.6145116714128513,01/01/1988,01,01,1988
10303,-9.262388721140645,01/01/1988,01,01,1988
10304,1.1592880363966152,01/01/1988,01,01,1988
10305,-1.2199780674471228,01/01/1988,01,01,1988
10306,-8.678872722401167,01/01/1988,01,01,1988
10307,-8.787750219983051,01/01/1988,01,01,1988
10308,-5.149230018308464,01/01/1988,01,01,1988
10309,-8.26547689040456,01/01/1988,01,01,1988
10310,-10.207023364537443,01/01/1988,01,01,1988
10312,1.1643869646359961,01/01/1988,01,01,1988
10314,-4.371572974182694,01/01/1988,01,01,1988
10451,0.09014595433095167,01/01/1988,01,01,1988
10452,-2.2697141714654774,01/01/1988,01,01,1988
10453,-9.21749900636299,01/01/1988,01,01,1988
10454,-2.360865920231324,01/01/1988,01,01,1988
10455,0.6825683232121037,01/01/1988,01,01,1988
10456,-5.146353277693215,01/01/1988,01,01,1988
10457,-4.1127601136422784,01/01/1988,01,01,1988
10458,-7.781976680672616,01/01/1988,01,01,1988
10459,-7.481241737795973,01/01/1988,01,01,1988
10460,-1.4567591384227816,01/01/1988,01,01,1988
10461,-1.9700149594113925,01/01/1988,01,01,1988
10462,-8.046822504837948,01/01/1988,01,01,1988
10463,-7.51835831702315,01/01/1988,01,01,1988
10464,-2.397832394717899,01/01/1988,01,01,1988
10465,-7.707661738586585,01/01/1988,01,01,1988
10466,-8.479954478602112,01/01/1988,01,01,1988
10467,-10.161196643742215,01/01/1988,01,01,1988
10468,-7.246386614992583,01/01/1988,01,01,1988
10469,-1.1323208699964107,01/01/1988,01,01,1988
10470,-5.956501834486859,01/01/1988,01,01,1988
10471,-6.4285614212691184,01/01/1988,01,01,1988
10472,-1.9830384633853622,01/01/1988,01,01,1988
10473,-10.070704627253864,01/01/1988,01,01,1988
10474,-7.978479115763006,01/01/1988,01,01,1988
10475,-0.14336310518992015,01/01/1988,01,01,1988
10501,-2.4409647368416967,01/01/1988,01,01,1988
10502,-5.977135996399857,01/01/1988,01,01,1988
10503,-2.0684379894868403,01/01/1988,01,01,1988
10504,-6.1177641759202235,01/01/1988,01,01,1988
10506,-9.30798620083138,01/01/1988,01,01,1988
10507,-7.769118979494977,01/01/1988,01,01,1988
10509,-3.898530233013635,01/01/1988,01,01,1988
10510,-0.19933873995135246,01/01/1988,01,01,1988
10511,-10.009540487265278,01/01/1988,01,01,1988
10512,-8.66191340541881,01/01/1988,01,01,1988
10514,-8.410946516247453,01/01/1988,01,01,1988
10516,-8.853450195769359,01/01/1988,01,01,1988
10518,-2.3431290261192337,01/01/1988,01,01,1988
10519,-7.2943052179678904,01/01/1988,01,01,1988
10520,-2.297254238561727,01/01/1988,01,01,1988
10522,-4.181826397209466,01/01/1988,01,01,1988
10523,-9.1259799068590155,01/01/1988,01,01,1988
10524,-8.028657484247372,01/01/1988,01,01,1988
10526,-8.08932068566378,01/01/1988,01,01,1988
10527,-5.247627736273648,01/01/1988,01,01,1988
10528,0.716285200771055,01/01/1988,01,01,1988
10530,-5.387781941400432,01/01/1988,01,01,1988
10532,-7.283119816322558,01/01/1988,01,01,1988
10533,-9.529450773416691,01/01/1988,01,01,1988
10535,-6.140125463329769,01/01/1988,01,01,1988
10536,-2.2954365807391466,01/01/1988,01,01,1988
10537,-2.9298092544513104,01/01/1988,01,01,1988
10538,-7.016165827886047,01/01/1988,01,01,1988
10541,-3.6354182571469686,01/01/1988,01,01,1988
10543,0.8588538638240099,01/01/1988,01,01,1988
10546,-8.388391232952584,01/01/1988,01,01,1988
10547,0.4761020679252919,01/01/1988,01,01,1988
10548,-8.767133383191506,01/01/1988,01,01,1988
10549,-5.733567409085204,01/01/1988,01,01,1988
10550,-8.64775496980943,01/01/1988,01,01,1988
10552,-6.531886822544075,01/01/1988,01,01,1988
10553,-7.914814056271789,01/01/1988,01,01,1988
10560,-5.141506150383293,01/01/1988,01,01,1988
10562,1.0966386302013336,01/01/1988,01,01,1988
10566,-8.202371275597319,01/01/1988,01,01,1988
10567,-2.3818102836877912,01/01/1988,01,01,1988
10570,-8.982211526604791,01/01/1988,01,01,1988
10573,-2.4203930718064344,01/01/1988,01,01,1988
10576,-2.3587806216398635,01/01/1988,01,01,1988
10577,-7.121864882952286,01/01/1988,01,01,1988
10578,-8.501168515770752,01/01/1988,01,01,1988
10579,-8.853318965772264,01/01/1988,01,01,1988
10580,-6.391681458445777,01/01/1988,01,01,1988
10583,-8.100959598747574,01/01/1988,01,01,1988
10588,-4.463033060024477,01/01/1988,01,01,1988
10589,-9.662784806869459,01/01/1988,01,01,1988
10590,-2.3446612731545615,01/01/1988,01,01,1988
10591,-7.071709246586461,01/01/1988,01,01,1988
10594,-8.60718214670092,01/01/1988,01,01,1988
10595,-9.144040092914855,01/01/1988,01,01,1988
10597,-2.272896428134859,01/01/1988,01,01,1988
10598,-2.396142248682614,01/01/1988,01,01,1988
10601,-9.236646719714262,01/01/1988,01,01,1988
10603,-8.461761680432549,01/01/1988,01,01,1988
10604,-0.06348011479223327,01/01/1988,01,01,1988
10605,-0.9871592979963526,01/01/1988,01,01,1988
10606,-2.4672066532485224,01/01/1988,01,01,1988
10607,-10.9921809073068,01/01/1988,01,01,1988
10701,0.39628895371282064,01/01/1988,01,01,1988
10703,-5.496465214971136,01/01/1988,01,01,1988
10704,-2.340436741948771,01/01/1988,01,01,1988
10705,0.8970222337150388,01/01/1988,01,01,1988
10706,-6.502933047366521,01/01/1988,01,01,1988
10707,-9.46721463867881,01/01/1988,01,01,1988
10708,-8.70921904234053,01/01/1988,01,01,1988
10709,-5.2766066676492525,01/01/1988,01,01,1988
10710,-9.539930415119887,01/01/1988,01,01,1988
10801,-9.711171487536577,01/01/1988,01,01,1988
10803,-6.6569509278476,01/01/1988,01,01,1988
10804,-5.534088198971313,01/01/1988,01,01,1988
10805,-8.242558911158277,01/01/1988,01,01,1988
10901,-6.902780238330875,01/01/1988,01,01,1988
10913,-1.4583076656732383,01/01/1988,01,01,1988
10916,-1.1842344130463482,01/01/1988,01,01,1988
10917,-4.436975768792782,01/01/1988,01,01,1988
10918,1.2887855695237445,01/01/1988,01,01,1988
10919,-2.3548451067356067,01/01/1988,01,01,1988
10920,-8.6233703878039,01/01/1988,01,01,1988
10921,-4.214239338841877,01/01/1988,01,01,1988
10923,-8.372136929213703,01/01/1988,01,01,1988
10924,-5.379109891272018,01/01/1988,01,01,1988
10925,-1.2894049733147546,01/01/1988,01,01,1988
10926,-1.3008146703225385,01/01/1988,01,01,1988
10927,-7.4422582412771865,01/01/1988,01,01,1988
10928,1.351297400802899,01/01/1988,01,01,1988
10930,-1.6892884729683135,01/01/1988,01,01,1988
10931,-2.9942073423241795,01/01/1988,01,01,1988
10940,-6.520814226699821,01/01/1988,01,01,1988
10941,-5.52581798835536,01/01/1988,01,01,1988
10950,1.2900357539811895,01/01/1988,01,01,1988
10952,-8.30811505030204,01/01/1988,01,01,1988
10954,1.173661136040324,01/01/1988,01,01,1988
10956,-9.071961259371783,01/01/1988,01,01,1988
10958,-1.1841032477819553,01/01/1988,01,01,1988
10960,-9.107218849144044,01/01/1988,01,01,1988
10962,-9.342711722977025,01/01/1988,01,01,1988
10963,-7.884713679765115,01/01/1988,01,01,1988
10964,-9.110999146467213,01/01/1988,01,01,1988
10965,-8.904189499468083,01/01/1988,01,01,1988
10968,-8.435525553165377,01/01/1988,01,01,1988
10969,-4.871771177825204,01/01/1988,01,01,1988
10970,-5.9455807990610925,01/01/1988,01,01,1988
10973,-3.1887094713151867,01/01/1988,01,01,1988
10974,-4.7199302223238995,01/01/1988,01,01,1988
10975,-5.993548116533168,01/01/1988,01,01,1988
10976,-0.6165267617024504,01/01/1988,01,01,1988
10977,-4.6963771105301655,01/01/1988,01,01,1988
10980,-5.83906522636569,01/01/1988,01,01,1988
10983,-6.660265318171934,01/01/1988,01,01,1988
10984,0.9040744283937436,01/01/1988,01,01,1988
10985,-2.567812720071243,01/01/1988,01,01,1988
10986,-0.5639437952744809,01/01/1988,01,01,1988
10987,-8.048184565535779,01/01/1988,01,01,1988
10989,-1.069775289081494,01/01/1988,01,01,1988
10990,1.283801743687366,01/01/1988,01,01,1988
10992,-2.330127094916434,01/01/1988,01,01,1988
10993,-1.753931019299434,01/01/1988,01,01,1988
10994,-4.749790721416378,01/01/1988,01,01,1988
10996,-1.1854786622609514,01/01/1988,01,01,1988
10998,-3.7342500625509163,01/01/1988,01,01,1988
11001,-8.599254892925076,01/01/1988,01,01,1988
11003,-2.576777242845948,01/01/1988,01,01,1988
11004,-3.5429575220129603,01/01/1988,01,01,1988
11005,-2.0948473555954945,01/01/1988,01,01,1988
11010,-2.640048469915157,01/01/1988,01,01,1988
11020,-0.4529897560724862,01/01/1988,01,01,1988
11021,-2.52091809633116,01/01/1988,01,01,1988
11023,-1.279360128170791,01/01/1988,01,01,1988
11024,-6.207326409080385,01/01/1988,01,01,1988
11030,-8.599522033065329,01/01/1988,01,01,1988
11040,-3.3777147561827343,01/01/1988,01,01,1988
11042,-1.5730266336220817,01/01/1988,01,01,1988
11050,-8.780230399349955,01/01/1988,01,01,1988
11096,1.203013954375882,01/01/1988,01,01,1988
11101,-3.5912041044889316,01/01/1988,01,01,1988
11102,-1.4213114500696664,01/01/1988,01,01,1988
11103,-4.342243287228012,01/01/1988,01,01,1988
11104,-4.4870162597715035,01/01/1988,01,01,1988
11105,-5.336785040094401,01/01/1988,01,01,1988
11106,-6.933963816157792,01/01/1988,01,01,1988
11201,-1.6915314962116463,01/01/1988,01,01,1988
11203,-1.6908304287515474,01/01/1988,01,01,1988
11204,-0.5299261186957216,01/01/1988,01,01,1988
11205,-7.63195859706376,01/01/1988,01,01,1988
11206,0.034283752312191225,01/01/1988,01,01,1988
11207,-1.690940550930793,01/01/1988,01,01,1988
11208,-1.68902570528662,01/01/1988,01,01,1988
11209,-1.0065798086949882,01/01/1988,01,01,1988
11210,-1.5397745279389792,01/01/1988,01,01,1988
11211,-1.68290703947566,01/01/1988,01,01,1988
11212,1.2210641520548249,01/01/1988,01,01,1988
11213,-2.2234893573812204,01/01/1988,01,01,1988
11214,1.631726020244691,01/01/1988,01,01,1988
11215,-1.8647323057065124,01/01/1988,01,01,1988
11216,-7.149001824821585,01/01/1988,01,01,1988
11217,-1.5022730356477259,01/01/1988,01,01,1988
11218,-1.4066058094479872,01/01/1988,01,01,1988
11219,-1.1412781128908658,01/01/1988,01,01,1988
11220,-1.6073317096380326,01/01/1988,01,01,1988
11221,-1.4454786181491288,01/01/1988,01,01,1988
11222,-0.5547636074431725,01/01/1988,01,01,1988
11223,0.6715967598552238,01/01/1988,01,01,1988
11224,-1.1502250263349905,01/01/1988,01,01,1988
11225,-1.6334948717432192,01/01/1988,01,01,1988
11226,-7.399491730554036,01/01/1988,01,01,1988
11228,-1.5578443664245618,01/01/1988,01,01,1988
11229,-2.1089799924200503,01/01/1988,01,01,1988
11230,0.8993299895731309,01/01/1988,01,01,1988
11231,-6.09959488871105,01/01/1988,01,01,1988
11232,-8.90145746950024,01/01/1988,01,01,1988
11233,-1.8479307627105992,01/01/1988,01,01,1988
11234,-1.4142160438254598,01/01/1988,01,01,1988
11235,-9.50247787647003,01/01/1988,01,01,1988
11236,-1.5810124408568127,01/01/1988,01,01,1988
11237,-2.135357089136176,01/01/1988,01,01,1988
11238,-8.325692468463817,01/01/1988,01,01,1988
11239,-2.199262211152324,01/01/1988,01,01,1988
11354,-3.9076200370583583,01/01/1988,01,01,1988
11355,-2.7060067818397218,01/01/1988,01,01,1988
11356,-1.2014827900169904,01/01/1988,01,01,1988
11357,-2.525297093202252,01/01/1988,01,01,1988
11358,-2.451024213568747,01/01/1988,01,01,1988
11360,-2.451024213568747,01/01/1988,01,01,1988
11361,-2.026537579601961,01/01/1988,01,01,1988
11362,-9.104956388524132,01/01/1988,01,01,1988
11363,-5.474870884593267,01/01/1988,01,01,1988
11364,1.1760005932856186,01/01/1988,01,01,1988
11365,1.383527029909113,01/01/1988,01,01,1988
11366,-1.0992559427963626,01/01/1988,01,01,1988
11367,-3.3877064219300106,01/01/1988,01,01,1988
11368,1.2926107191932275,01/01/1988,01,01,1988
11369,-3.5644357572920846,01/01/1988,01,01,1988
11370,-9.568568353370491,01/01/1988,01,01,1988
11371,-8.026126228297018,01/01/1988,01,01,1988
11372,-4.069476505269139,01/01/1988,01,01,1988
11373,-8.662328817087998,01/01/1988,01,01,1988
11374,-3.891509825039251,01/01/1988,01,01,1988
11375,-4.64766246675171,01/01/1988,01,01,1988
11377,-1.208338387105551,01/01/1988,01,01,1988
11378,-3.4757130603221,01/01/1988,01,01,1988
11379,-8.917795590084635,01/01/1988,01,01,1988
11385,-5.266987448436304,01/01/1988,01,01,1988
11411,-5.660073574205838,01/01/1988,01,01,1988
11412,-7.9020513450279966,01/01/1988,01,01,1988
11413,-4.6551801918168625,01/01/1988,01,01,1988
11414,-5.256010886949602,01/01/1988,01,01,1988
11415,-1.9271001313913705,01/01/1988,01,01,1988
11416,-2.2182433581432184,01/01/1988,01,01,1988
11417,-8.694662279334674,01/01/1988,01,01,1988
11418,-1.195903492979479,01/01/1988,01,01,1988
11419,-3.7139891671012184,01/01/1988,01,01,1988
11420,-6.023766992937393,01/01/1988,01,01,1988
11421,-8.774155998044343,01/01/1988,01,01,1988
11422,-6.710441152372023,01/01/1988,01,01,1988
11423,-8.844437873201962,01/01/1988,01,01,1988
11426,-4.929783842270317,01/01/1988,01,01,1988
11427,-2.327978214924535,01/01/1988,01,01,1988
11428,-9.286396222448257,01/01/1988,01,01,1988
11429,0.974250342557722,01/01/1988,01,01,1988
11430,-8.947177392071731,01/01/1988,01,01,1988
11432,-9.515101251480404,01/01/1988,01,01,1988
11433,-2.3751060012962664,01/01/1988,01,01,1988
11434,-9.098046504653404,01/01/1988,01,01,1988
11435,-4.660508873918052,01/01/1988,01,01,1988
11436,-8.660052450231026,01/01/1988,01,01,1988
11501,-2.1786806235975527,01/01/1988,01,01,1988
11507,-2.3615556290693416,01/01/1988,01,01,1988
11509,-2.296510136357504,01/01/1988,01,01,1988
11510,-8.467274735012026,01/01/1988,01,01,1988
11514,-5.730319997888208,01/01/1988,01,01,1988
11516,-9.12620919346683,01/01/1988,01,01,1988
11518,-2.1036221547283933,01/01/1988,01,01,1988
11520,-6.3582086844787415,01/01/1988,01,01,1988
11530,-8.327477438865536,01/01/1988,01,01,1988
11542,-1.5029758033080598,01/01/1988,01,01,1988
11545,-2.1311174481821338,01/01/1988,01,01,1988
11547,1.2359152184441897,01/01/1988,01,01,1988
11548,-1.4236613883673908,01/01/1988,01,01,1988
11550,-2.713478903099288,01/01/1988,01,01,1988
11552,-3.2353391310572652,01/01/1988,01,01,1988
11553,-0.7559039758461166,01/01/1988,01,01,1988
11554,-2.996631990168067,01/01/1988,01,01,1988
11557,-2.0614795378318482,01/01/1988,01,01,1988
11558,-1.149432413629104,01/01/1988,01,01,1988
11559,-8.892809868828236,01/01/1988,01,01,1988
11560,-7.425236395409054,01/01/1988,01,01,1988
11561,-5.163595015129064,01/01/1988,01,01,1988
11563,-1.5732192116139696,01/01/1988,01,01,1988
11565,-2.002261025884782,01/01/1988,01,01,1988
11566,-8.895454685942697,01/01/1988,01,01,1988
11568,-8.726473822855848,01/01/1988,01,01,1988
11569,-1.3900206596154638,01/01/1988,01,01,1988
11570,-5.547630573134321,01/01/1988,01,01,1988
11572,-9.533304427349899,01/01/1988,01,01,1988
11575,-2.2575173039408813,01/01/1988,01,01,1988
11576,-8.959455749961345,01/01/1988,01,01,1988
11577,-1.23611497303779,01/01/1988,01,01,1988
11579,-8.8730336243569,01/01/1988,01,01,1988
11580,-1.2659371497401781,01/01/1988,01,01,1988
11581,-6.2262649451436705,01/01/1988,01,01,1988
11590,-0.8355686652431616,01/01/1988,01,01,1988
11596,-9.2353331580994,01/01/1988,01,01,1988
11598,-6.564748406168483,01/01/1988,01,01,1988
11691,-8.396503718494296,01/01/1988,01,01,1988
11692,1.4050284432324085,01/01/1988,01,01,1988
11693,-1.1310382413296833,01/01/1988,01,01,1988
11694,-3.202813598872345,01/01/1988,01,01,1988
11697,-8.906823948254134,01/01/1988,01,01,1988
11701,-1.2588153146458991,01/01/1988,01,01,1988
11702,1.0946121526522257,01/01/1988,01,01,1988
11703,0.7439378629054735,01/01/1988,01,01,1988
11704,-8.566244727356205,01/01/1988,01,01,1988
11705,-8.807796037895214,01/01/1988,01,01,1988
11706,-8.322424248230158,01/01/1988,01,01,1988
11709,-0.5360241218311896,01/01/1988,01,01,1988
11710,-8.395221258159776,01/01/1988,01,01,1988
11713,1.268913546542942,01/01/1988,01,01,1988
11714,-1.8086022933313222,01/01/1988,01,01,1988
11715,-2.180050528198163,01/01/1988,01,01,1988
11716,-8.773506227334197,01/01/1988,01,01,1988
11717,-5.06344242248503,01/01/1988,01,01,1988
11718,-7.56360105763146,01/01/1988,01,01,1988
11719,-3.6227476556990172,01/01/1988,01,01,1988
11720,-2.1790251819520785,01/01/1988,01,01,1988
11721,-8.001095626767512,01/01/1988,01,01,1988
11722,-8.69111050574395,01/01/1988,01,01,1988
11724,-3.488798919819513,01/01/1988,01,01,1988
11725,-2.2450206135969615,01/01/1988,01,01,1988
11726,-3.5677234256611015,01/01/1988,01,01,1988
11727,-7.613355429271837,01/01/1988,01,01,1988
11729,-8.109912044297802,01/01/1988,01,01,1988
11730,-0.5946458405511496,01/01/1988,01,01,1988
11731,-2.9079660758549415,01/01/1988,01,01,1988
11732,-1.5944428282558951,01/01/1988,01,01,1988
11733,-9.395873726345796,01/01/1988,01,01,1988
11735,-1.8891394574711238,01/01/1988,01,01,1988
11738,-2.694805129402468,01/01/1988,01,01,1988
11740,-3.5750602996908865,01/01/1988,01,01,1988
11741,-2.109252720173562,01/01/1988,01,01,1988
11742,-1.680258087286228,01/01/1988,01,01,1988
11743,-1.1687857154465418,01/01/1988,01,01,1988
11746,-1.1920238808131138,01/01/1988,01,01,1988
11747,-8.430478920188863,01/01/1988,01,01,1988
11751,-3.650525735927965,01/01/1988,01,01,1988
11752,0.12126319351884352,01/01/1988,01,01,1988
11753,-8.751878198049141,01/01/1988,01,01,1988
11754,-1.7215496469700087,01/01/1988,01,01,1988
11755,-3.555836920108927,01/01/1988,01,01,1988
11756,-8.813006696212895,01/01/1988,01,01,1988
11757,-3.582627444922158,01/01/1988,01,01,1988
11758,-8.872652463190693,01/01/1988,01,01,1988
11762,-7.110117814310315,01/01/1988,01,01,1988
11763,-0.8739077467747643,01/01/1988,01,01,1988
11764,-8.52759594171696,01/01/1988,01,01,1988
11765,-1.738467032245503,01/01/1988,01,01,1988
11766,-3.203418648273887,01/01/1988,01,01,1988
11767,-2.9148613686702642,01/01/1988,01,01,1988
11768,-8.49042512707959,01/01/1988,01,01,1988
11769,-8.525399154145935,01/01/1988,01,01,1988
11770,-8.631671470817194,01/01/1988,01,01,1988
11771,-7.3306020269135574,01/01/1988,01,01,1988
11772,-8.18292853535875,01/01/1988,01,01,1988
11776,0.38180900242617527,01/01/1988,01,01,1988
11777,-2.678480280735858,01/01/1988,01,01,1988
11778,-2.2977734538043912,01/01/1988,01,01,1988
11779,-7.759932929907044,01/01/1988,01,01,1988
11780,-4.03126822428485,01/01/1988,01,01,1988
11782,-1.3254784708805858,01/01/1988,01,01,1988
11783,1.858826219093158,01/01/1988,01,01,1988
11784,-3.427433239234601,01/01/1988,01,01,1988
11786,-1.4482504722439626,01/01/1988,01,01,1988
11787,-4.31525714445333,01/01/1988,01,01,1988
11788,-0.07655540307996858,01/01/1988,01,01,1988
11789,-3.669517576407391,01/01/1988,01,01,1988
11790,-1.9494176148425408,01/01/1988,01,01,1988
11791,-8.959832097004806,01/01/1988,01,01,1988
11792,-8.3069077969962,01/01/1988,01,01,1988
11793,-9.035170736873386,01/01/1988,01,01,1988
11795,-8.168199874509162,01/01/1988,01,01,1988
11796,-1.1730198329577746,01/01/1988,01,01,1988
11797,-2.1316279252956285,01/01/1988,01,01,1988
11798,-3.6578430554287507,01/01/1988,01,01,1988
11801,-1.2903263129981852,01/01/1988,01,01,1988
11803,-1.3294484493288439,01/01/1988,01,01,1988
11804,-2.1709959504941807,01/01/1988,01,01,1988
11901,-3.687435487543965,01/01/1988,01,01,1988
11930,-2.6578434815506666,01/01/1988,01,01,1988
11932,-8.479331276528281,01/01/1988,01,01,1988
11933,-8.101043469434325,01/01/1988,01,01,1988
11934,-4.196654484762895,01/01/1988,01,01,1988
11935,-8.942516823336675,01/01/1988,01,01,1988
11937,-1.5225210882120006,01/01/1988,01,01,1988
11939,-3.3219972672821028,01/01/1988,01,01,1988
11940,-8.254145068079138,01/01/1988,01,01,1988
11941,-8.89980289726931,01/01/1988,01,01,1988
11942,-8.467230276372323,01/01/1988,01,01,1988
11944,-2.3472204816488116,01/01/1988,01,01,1988
11946,-0.47483515438957813,01/01/1988,01,01,1988
11947,-8.05786187072076,01/01/1988,01,01,1988
11948,-4.630780013449363,01/01/1988,01,01,1988
11949,-1.6106031115379635,01/01/1988,01,01,1988
11950,0.896839822088484,01/01/1988,01,01,1988
11951,-1.318867242011814,01/01/1988,01,01,1988
11952,-3.1548000818408677,01/01/1988,01,01,1988
11953,-1.9879330390884444,01/01/1988,01,01,1988
11954,-8.407553197263164,01/01/1988,01,01,1988
11955,-3.61350503635475,01/01/1988,01,01,1988
11956,-3.5327432792338187,01/01/1988,01,01,1988
11957,-2.055032059575001,01/01/1988,01,01,1988
11958,-9.322673040017666,01/01/1988,01,01,1988
11959,-5.05312562939516,01/01/1988,01,01,1988
11960,-3.470302530954425,01/01/1988,01,01,1988
11961,-8.448741365405622,01/01/1988,01,01,1988
11962,-4.2734651127899745,01/01/1988,01,01,1988
11963,-5.035334255047114,01/01/1988,01,01,1988
11964,-8.57063826253956,01/01/1988,01,01,1988
11965,0.7905390698334094,01/01/1988,01,01,1988
11967,-0.23492138631906662,01/01/1988,01,01,1988
11968,-0.08287192748153226,01/01/1988,01,01,1988
11970,-3.5755232606416953,01/01/1988,01,01,1988
11971,-3.1547032398837933,01/01/1988,01,01,1988
11972,-3.911691720216107,01/01/1988,01,01,1988
11975,-8.395088252011039,01/01/1988,01,01,1988
11976,-8.372609518727666,01/01/1988,01,01,1988
11977,-3.4008274718462936,01/01/1988,01,01,1988
11978,-3.2978757416401905,01/01/1988,01,01,1988
11980,-0.6659456727546063,01/01/1988,01,01,1988
12008,-4.082265324772557,01/01/1988,01,01,1988
12009,-5.045605306049225,01/01/1988,01,01,1988
12010,-0.007115608336378184,01/01/1988,01,01,1988
12015,-2.8756153034911667,01/01/1988,01,01,1988
12017,-9.431638234609162,01/01/1988,01,01,1988
12018,-8.780078976598142,01/01/1988,01,01,1988
12019,-4.446532341650522,01/01/1988,01,01,1988
12020,-6.952213831062626,01/01/1988,01,01,1988
12022,-4.134575171582131,01/01/1988,01,01,1988
12023,-5.060512622290688,01/01/1988,01,01,1988
12025,-6.517117231503605,01/01/1988,01,01,1988
12027,0.8425026288204607,01/01/1988,01,01,1988
12028,-2.6567459464857373,01/01/1988,01,01,1988
12029,0.06882214536367433,01/01/1988,01,01,1988
12031,-0.8473048554809408,01/01/1988,01,01,1988
12032,-6.06565356573515,01/01/1988,01,01,1988
12033,-1.5759048111554859,01/01/1988,01,01,1988
12035,-2.424385198570499,01/01/1988,01,01,1988
12036,-1.9014476060328653,01/01/1988,01,01,1988
12037,-9.104160387227111,01/01/1988,01,01,1988
12041,-1.6448425067152601,01/01/1988,01,01,1988
12042,-1.445832558005515,01/01/1988,01,01,1988
12043,-7.967296307788194,01/01/1988,01,01,1988
12045,-1.936135835332661,01/01/1988,01,01,1988
12046,-9.418759816286922,01/01/1988,01,01,1988
12047,-9.044234282086416,01/01/1988,01,01,1988
12051,-1.620939104557002,01/01/1988,01,01,1988
12052,-9.349750028937004,01/01/1988,01,01,1988
12053,-2.129092113166178,01/01/1988,01,01,1988
12054,-9.791650070749252,01/01/1988,01,01,1988
12056,-3.2697365422774376,01/01/1988,01,01,1988
12057,-2.001747851899551,01/01/1988,01,01,1988
12058,-1.9922829619542797,01/01/1988,01,01,1988
12059,-9.56256527436215,01/01/1988,01,01,1988
12060,-2.1018679628161125,01/01/1988,01,01,1988
12061,-6.243672325476972,01/01/1988,01,01,1988
12062,-8.896842938175968,01/01/1988,01,01,1988
12063,-9.074959169577141,01/01/1988,01,01,1988
12064,-9.02933536791671,01/01/1988,01,01,1988
12065,-2.0562528030485265,01/01/1988,01,01,1988
12066,-2.416345694980873,01/01/1988,01,01,1988
12067,-8.2370413865727,01/01/1988,01,01,1988
12068,-2.006917279460969,01/01/1988,01,01,1988
12070,-1.4115322211223689,01/01/1988,01,01,1988
12071,-1.529775348799388,01/01/1988,01,01,1988
12072,-7.689365275287275,01/01/1988,01,01,1988
12074,-6.910257217641528,01/01/1988,01,01,1988
12075,0.9032889932261583,01/01/1988,01,01,1988
12076,-4.483912358872144,01/01/1988,01,01,1988
12077,-7.530284033239821,01/01/1988,01,01,1988
12078,0.25278292406865344,01/01/1988,01,01,1988
12083,-8.566303703332846,01/01/1988,01,01,1988
12084,-0.36474007709547074,01/01/1988,01,01,1988
12086,-8.785007455460642,01/01/1988,01,01,1988
12087,-8.808525363037825,01/01/1988,01,01,1988
12090,-3.496852738534775,01/01/1988,01,01,1988
12092,-1.112996296038872,01/01/1988,01,01,1988
12093,-2.1310565723462522,01/01/1988,01,01,1988
12094,-2.3027493172628923,01/01/1988,01,01,1988
12095,-8.206002540943555,01/01/1988,01,01,1988
12106,1.237578416864097,01/01/1988,01,01,1988
12108,-1.1957618749672891,01/01/1988,01,01,1988
12110,-8.461818639965873,01/01/1988,01,01,1988
12115,-2.066682669070601,01/01/1988,01,01,1988
12116,-1.8344150191848279,01/01/1988,01,01,1988
12117,-6.142018186393288,01/01/1988,01,01,1988
12118,-10.802439037583632,01/01/1988,01,01,1988
12120,-0.4486690934189241,01/01/1988,01,01,1988
12121,-0.787869469924158,01/01/1988,01,01,1988
12122,-1.9999319832211635,01/01/1988,01,01,1988
12123,-2.6303416750521804,01/01/1988,01,01,1988
12125,-6.774650814608367,01/01/1988,01,01,1988
12130,-7.273214440168285,01/01/1988,01,01,1988
12131,-1.87200849334113,01/01/1988,01,01,1988
12134,0.7075278187896177,01/01/1988,01,01,1988
12136,-5.013164351054719,01/01/1988,01,01,1988
12137,-1.968572966154932,01/01/1988,01,01,1988
12138,-5.809118807217861,01/01/1988,01,01,1988
12139,-5.194958440811064,01/01/1988,01,01,1988
12140,-9.120951056517647,01/01/1988,01,01,1988
12143,-2.501470112730785,01/01/1988,01,01,1988
12144,-8.123787913624934,01/01/1988,01,01,1988
12147,0.4994173337975717,01/01/1988,01,01,1988
12148,-2.131897043425956,01/01/1988,01,01,1988
12149,-8.129070772385148,01/01/1988,01,01,1988
12150,-5.882115313431678,01/01/1988,01,01,1988
12151,0.42361903766738945,01/01/1988,01,01,1988
12153,1.2939428459351012,01/01/1988,01,01,1988
12154,-8.969997553458953,01/01/1988,01,01,1988
12155,0.9083159177942578,01/01/1988,01,01,1988
12156,-10.843901672957246,01/01/1988,01,01,1988
12157,-8.054304325364376,01/01/1988,01,01,1988
12158,-9.427405319870909,01/01/1988,01,01,1988
12159,-1.9365945985713262,01/01/1988,01,01,1988
12160,-8.52082389350021,01/01/1988,01,01,1988
12164,-0.5614197006932273,01/01/1988,01,01,1988
12165,-1.936135835332661,01/01/1988,01,01,1988
12166,-0.037172342186958154,01/01/1988,01,01,1988
12167,-6.496428144471695,01/01/1988,01,01,1988
12168,-7.650224338956977,01/01/1988,01,01,1988
12169,1.2904279229378355,01/01/1988,01,01,1988
12170,-3.411031936522902,01/01/1988,01,01,1988
12173,-2.835029141408836,01/01/1988,01,01,1988
12175,-8.377201410551613,01/01/1988,01,01,1988
12176,-7.746405777030054,01/01/1988,01,01,1988
12180,-2.300745206090552,01/01/1988,01,01,1988
12182,-9.051299446049246,01/01/1988,01,01,1988
12183,-8.497805744728137,01/01/1988,01,01,1988
12184,-1.4280423646547298,01/01/1988,01,01,1988
12185,-5.1142251448145775,01/01/1988,01,01,1988
12186,-1.0792884061070125,01/01/1988,01,01,1988
12187,-1.060288216460186,01/01/1988,01,01,1988
12188,-1.0581678450486451,01/01/1988,01,01,1988
12189,-4.393566662151339,01/01/1988,01,01,1988
12190,-2.293110154858784,01/01/1988,01,01,1988
12192,-0.555953874904191,01/01/1988,01,01,1988
12193,-7.830531463453956,01/01/1988,01,01,1988
12194,-0.8241293683104713,01/01/1988,01,01,1988
12196,-1.0997242145556803,01/01/1988,01,01,1988
12197,-4.6869694735514695,01/01/1988,01,01,1988
12198,1.3934403496514538,01/01/1988,01,01,1988
12202,-1.936135835332661,01/01/1988,01,01,1988
12203,-8.349948169198303,01/01/1988,01,01,1988
12204,-5.03250125745742,01/01/1988,01,01,1988
12205,-1.865699537552198,01/01/1988,01,01,1988
12206,-9.146392410683005,01/01/1988,01,01,1988
12207,-1.936135835332661,01/01/1988,01,01,1988
12208,0.9601970996069157,01/01/1988,01,01,1988
12209,-7.48376534912613,01/01/1988,01,01,1988
12210,-2.134037124467189,01/01/1988,01,01,1988
12211,-8.045981965946662,01/01/1988,01,01,1988
12302,-7.593004957918965,01/01/1988,01,01,1988
12303,-1.8862515354167495,01/01/1988,01,01,1988
12304,-1.9365945985713262,01/01/1988,01,01,1988
12305,-9.807756862635046,01/01/1988,01,01,1988
12306,-2.4501651291326216,01/01/1988,01,01,1988
12307,-1.1417857860987208,01/01/1988,01,01,1988
12308,-2.310016339192936,01/01/1988,01,01,1988
12309,-2.3891136462948794,01/01/1988,01,01,1988
12401,-9.125247126459046,01/01/1988,01,01,1988
12404,-2.3857243954729253,01/01/1988,01,01,1988
12405,-1.936135835332661,01/01/1988,01,01,1988
12406,-6.609300865405568,01/01/1988,01,01,1988
12407,-1.1297274439062976,01/01/1988,01,01,1988
12409,-8.487086120749906,01/01/1988,01,01,1988
12410,-0.7181675000239003,01/01/1988,01,01,1988
12411,-6.747934781015047,01/01/1988,01,01,1988
12412,-8.813281421196157,01/01/1988,01,01,1988
12413,-9.220882516557651,01/01/1988,01,01,1988
12414,0.182270969300177,01/01/1988,01,01,1988
12416,-8.49292037989461,01/01/1988,01,01,1988
12418,-1.936135835332661,01/01/1988,01,01,1988
12419,-2.076113744562089,01/01/1988,01,01,1988
12420,-9.057724475559075,01/01/1988,01,01,1988
12421,-7.553902828175928,01/01/1988,01,01,1988
12422,-1.936135835332661,01/01/1988,01,01,1988
12423,-7.9044625826884705,01/01/1988,01,01,1988
12424,-4.835940212315064,01/01/1988,01,01,1988
12427,-1.9766118769460874,01/01/1988,01,01,1988
12428,-2.7674683631302273,01/01/1988,01,01,1988
12429,-8.06276174204198,01/01/1988,01,01,1988
12430,-1.5518126488368085,01/01/1988,01,01,1988
12431,-1.3110226697636393,01/01/1988,01,01,1988
12433,-2.3281073939767603,01/01/1988,01,01,1988
12434,-1.9246244821007785,01/01/1988,01,01,1988
12435,-2.6116808114359547,01/01/1988,01,01,1988
12439,-1.5430639376578414,01/01/1988,01,01,1988
12440,-8.862478236899669,01/01/1988,01,01,1988
12442,-8.443542105676679,01/01/1988,01,01,1988
12443,-8.663496977367476,01/01/1988,01,01,1988
12444,1.3335802292623058,01/01/1988,01,01,1988
12446,-2.0152042855100913,01/01/1988,01,01,1988
12448,-0.495816180938863,01/01/1988,01,01,1988
12449,-0.7501573060865332,01/01/1988,01,01,1988
12450,-1.3752520795113752,01/01/1988,01,01,1988
12451,-2.784730475818654,01/01/1988,01,01,1988
12454,-7.115777607191684,01/01/1988,01,01,1988
12455,-5.457890320813175,01/01/1988,01,01,1988
12456,-8.35273165221218,01/01/1988,01,01,1988
12457,-8.501214806523526,01/01/1988,01,01,1988
12458,1.2673901540002308,01/01/1988,01,01,1988
12459,0.9170385467246598,01/01/1988,01,01,1988
12460,-1.157054134105457,01/01/1988,01,01,1988
12461,-8.127100820058445,01/01/1988,01,01,1988
12463,-9.14168646772108,01/01/1988,01,01,1988
12464,-6.503099894497096,01/01/1988,01,01,1988
12466,-1.130930549940587,01/01/1988,01,01,1988
12468,-1.9365945985713262,01/01/1988,01,01,1988
12469,-10.258241075090947,01/01/1988,01,01,1988
12470,1.219566087282336,01/01/1988,01,01,1988
12471,-8.474876415167802,01/01/1988,01,01,1988
12472,-8.368018356567928,01/01/1988,01,01,1988
12473,-2.164070959205416,01/01/1988,01,01,1988
12474,-2.3900825784127986,01/01/1988,01,01,1988
12477,-8.373910134373281,01/01/1988,01,01,1988
12480,-6.49598733222939,01/01/1988,01,01,1988
12481,-1.0692281743559975,01/01/1988,01,01,1988
12482,-1.4172671078447303,01/01/1988,01,01,1988
12484,-5.517430077326965,01/01/1988,01,01,1988
12485,-0.9496118748388231,01/01/1988,01,01,1988
12486,-8.481560058496738,01/01/1988,01,01,1988
12487,-3.649151926895226,01/01/1988,01,01,1988
12489,-9.27057188077453,01/01/1988,01,01,1988
12491,1.2374639993406564,01/01/1988,01,01,1988
12492,-1.9119701063219714,01/01/1988,01,01,1988
12493,-8.407138763862381,01/01/1988,01,01,1988
12494,-0.4562457530809194,01/01/1988,01,01,1988
12495,-4.992989850514147,01/01/1988,01,01,1988
12496,0.6271946882010178,01/01/1988,01,01,1988
12498,-3.972582608402019,01/01/1988,01,01,1988
12501,-1.4091113797812085,01/01/1988,01,01,1988
12502,1.6148855330935319,01/01/1988,01,01,1988
12503,-5.6799881974167565,01/01/1988,01,01,1988
12507,-8.981671561180923,01/01/1988,01,01,1988
12508,-5.991975206232344,01/01/1988,01,01,1988
12513,-9.278522893461075,01/01/1988,01,01,1988
12514,-6.137081857643443,01/01/1988,01,01,1988
12515,-8.009405727864834,01/01/1988,01,01,1988
12516,-2.440639893673408,01/01/1988,01,01,1988
12517,-1.987663739743166,01/01/1988,01,01,1988
12518,-3.1076228733704974,01/01/1988,01,01,1988
12520,-1.2245220676559068,01/01/1988,01,01,1988
12521,-5.468138775090007,01/01/1988,01,01,1988
12522,-2.3815402704451674,01/01/1988,01,01,1988
12523,-2.398471443565148,01/01/1988,01,01,1988
12524,-8.545228856613669,01/01/1988,01,01,1988
12525,-6.689302814588737,01/01/1988,01,01,1988
12526,-0.1277096984290866,01/01/1988,01,01,1988
12528,-8.352411406396993,01/01/1988,01,01,1988
12529,-8.54068462552261,01/01/1988,01,01,1988
12531,-1.442478321156456,01/01/1988,01,01,1988
12533,0.8897694174901869,01/01/1988,01,01,1988
12534,-0.24472382681036192,01/01/1988,01,01,1988
12538,1.773604578187082,01/01/1988,01,01,1988
12540,-8.008889715815823,01/01/1988,01,01,1988
12542,1.2550242067805764,01/01/1988,01,01,1988
12543,-4.2369610774792426,01/01/1988,01,01,1988
12545,-6.7641289942857865,01/01/1988,01,01,1988
12546,-5.662317031502563,01/01/1988,01,01,1988
12547,-6.220055775240729,01/01/1988,01,01,1988
12548,-2.319843037721048,01/01/1988,01,01,1988
12549,-8.991770048385458,01/01/1988,01,01,1988
12550,-8.801116269943536,01/01/1988,01,01,1988
12553,-9.085823976383283,01/01/1988,01,01,1988
12561,-5.007857991269654,01/01/1988,01,01,1988
12563,-1.0628768659353869,01/01/1988,01,01,1988
12564,-8.336059080341952,01/01/1988,01,01,1988
12565,-1.841908431715928,01/01/1988,01,01,1988
12566,-1.089983863465102,01/01/1988,01,01,1988
12567,-0.7306814488245511,01/01/1988,01,01,1988
12569,1.1607422326544072,01/01/1988,01,01,1988
12570,-1.409061581268411,01/01/1988,01,01,1988
12571,-9.430227681424487,01/01/1988,01,01,1988
12572,-1.519645877249796,01/01/1988,01,01,1988
12575,-1.0821783194109356,01/01/1988,01,01,1988
12577,1.1622542717176036,01/01/1988,01,01,1988
12578,-1.4186447916027078,01/01/1988,01,01,1988
12580,1.2638369097869184,01/01/1988,01,01,1988
12581,-5.203919075626698,01/01/1988,01,01,1988
12582,1.1136286331151837,01/01/1988,01,01,1988
12583,-5.915019700081832,01/01/1988,01,01,1988
12585,-1.442478321156456,01/01/1988,01,01,1988
12586,-9.145170201534306,01/01/1988,01,01,1988
12589,-1.0878118708207547,01/01/1988,01,01,1988
12590,-1.3923840387799273,01/01/1988,01,01,1988
12592,-6.063922500636408,01/01/1988,01,01,1988
12594,-2.397722998338965,01/01/1988,01,01,1988
12601,1.0166402586787173,01/01/1988,01,01,1988
12603,-1.7006453409223286,01/01/1988,01,01,1988
12701,-8.800614701617336,01/01/1988,01,01,1988
12719,-0.9795683092151178,01/01/1988,01,01,1988
12720,-7.001512171051331,01/01/1988,01,01,1988
12721,-8.121216054652857,01/01/1988,01,01,1988
12723,-6.8320480364426865,01/01/1988,01,01,1988
12724,-8.32474388287302,01/01/1988,01,01,1988
12725,-5.65599923203676,01/01/1988,01,01,1988
12726,-6.123919534777052,01/01/1988,01,01,1988
12727,-8.537189353545028,01/01/1988,01,01,1988
12729,-4.487128397509937,01/01/1988,01,01,1988
12732,-8.11385805263021,01/01/1988,01,01,1988
12733,-4.979058315469832,01/01/1988,01,01,1988
12734,-8.84988170053671,01/01/1988,01,01,1988
12736,0.7161531561780885,01/01/1988,01,01,1988
12737,0.093912223218971,01/01/1988,01,01,1988
12738,-2.245285561087806,01/01/1988,01,01,1988
12739,-2.2517387729936043,01/01/1988,01,01,1988
12740,-8.2184987156947,01/01/1988,01,01,1988
12741,-0.734978328699192,01/01/1988,01,01,1988
12742,-2.383833232749288,01/01/1988,01,01,1988
12743,-3.398467553751919,01/01/1988,01,01,1988
12746,-3.6276225412632805,01/01/1988,01,01,1988
12747,-3.514448100975211,01/01/1988,01,01,1988
12748,-1.9809368281351631,01/01/1988,01,01,1988
12749,-0.5235355926178998,01/01/1988,01,01,1988
12751,-3.710330450986283,01/01/1988,01,01,1988
12752,-4.546891720862737,01/01/1988,01,01,1988
12754,-2.3348088827527156,01/01/1988,01,01,1988
12758,-8.724452253387286,01/01/1988,01,01,1988
12759,-5.515855754095384,01/01/1988,01,01,1988
12760,-2.3548954573584795,01/01/1988,01,01,1988
12762,-3.093823583474074,01/01/1988,01,01,1988
12763,-5.457420222289592,01/01/1988,01,01,1988
12764,-3.4518679731888877,01/01/1988,01,01,1988
12765,-8.051916089693176,01/01/1988,01,01,1988
12766,-1.1284716222167044,01/01/1988,01,01,1988
12768,-8.177989653590362,01/01/1988,01,01,1988
12770,-7.531841097488952,01/01/1988,01,01,1988
12771,-4.008302494828432,01/01/1988,01,01,1988
12775,-7.819884260145161,01/01/1988,01,01,1988
12776,-6.035735311659337,01/01/1988,01,01,1988
12777,-3.3097803503276713,01/01/1988,01,01,1988
12778,-9.085792077031176,01/01/1988,01,01,1988
12779,-3.731111876249963,01/01/1988,01,01,1988
12780,-6.311328875794169,01/01/1988,01,01,1988
12783,-2.591906832458042,01/01/1988,01,01,1988
12784,0.11696414256997494,01/01/1988,01,01,1988
12785,1.187381246127509,01/01/1988,01,01,1988
12786,-5.072580848400907,01/01/1988,01,01,1988
12787,-8.596469438077351,01/01/1988,01,01,1988
12788,-8.111232875718489,01/01/1988,01,01,1988
12789,-3.110064031250929,01/01/1988,01,01,1988
12790,-5.900584003997612,01/01/1988,01,01,1988
12791,-3.7318267272786603,01/01/1988,01,01,1988
12792,-3.614287098814209,01/01/1988,01,01,1988
12801,-0.02297553835013335,01/01/1988,01,01,1988
12803,-4.508248340319648,01/01/1988,01,01,1988
12804,-8.608802506695303,01/01/1988,01,01,1988
12808,-6.308426671501298,01/01/1988,01,01,1988
12809,-9.437475676102137,01/01/1988,01,01,1988
12810,-2.0654420652878556,01/01/1988,01,01,1988
12812,-6.990941735388921,01/01/1988,01,01,1988
12814,-8.864505672345187,01/01/1988,01,01,1988
12815,-5.272287445603266,01/01/1988,01,01,1988
12816,-4.47186335643815,01/01/1988,01,01,1988
12817,-9.162100013800691,01/01/1988,01,01,1988
12819,-0.29164822126067286,01/01/1988,01,01,1988
12821,-8.138209811545455,01/01/1988,01,01,1988
12822,-4.212646043934163,01/01/1988,01,01,1988
12823,-4.370213841710291,01/01/1988,01,01,1988
12824,-8.140815720491904,01/01/1988,01,01,1988
12827,-7.826900732201203,01/01/1988,01,01,1988
12828,-2.789210014564985,01/01/1988,01,01,1988
12831,-5.14750676071607,01/01/1988,01,01,1988
12832,-2.2333843512266416,01/01/1988,01,01,1988
12833,-2.1611266972106806,01/01/1988,01,01,1988
12834,-1.9657651871697814,01/01/1988,01,01,1988
12835,-9.156584237247744,01/01/1988,01,01,1988
12836,-8.257109900367741,01/01/1988,01,01,1988
12837,-10.492506133326359,01/01/1988,01,01,1988
12838,-1.962903941373838,01/01/1988,01,01,1988
12839,-10.61729139109283,01/01/1988,01,01,1988
12841,-2.5099885605537455,01/01/1988,01,01,1988
12842,-2.306377051844069,01/01/1988,01,01,1988
12843,-2.2660793609591483,01/01/1988,01,01,1988
12844,-0.15240615165595559,01/01/1988,01,01,1988
12845,-2.3457021066764416,01/01/1988,01,01,1988
12846,-1.941328622338086,01/01/1988,01,01,1988
12847,-10.038473377890135,01/01/1988,01,01,1988
12849,-8.636676766743669,01/01/1988,01,01,1988
12850,-8.273903219088814,01/01/1988,01,01,1988
12851,-6.324367357016916,01/01/1988,01,01,1988
12852,-2.0766482630801333,01/01/1988,01,01,1988
12853,-7.251153236878037,01/01/1988,01,01,1988
12855,-1.9394410517362788,01/01/1988,01,01,1988
12856,-7.724168384316122,01/01/1988,01,01,1988
12857,1.0712837733383516,01/01/1988,01,01,1988
12858,-7.465585704825659,01/01/1988,01,01,1988
12859,-4.792460499650649,01/01/1988,01,01,1988
12860,-4.5231448446983915,01/01/1988,01,01,1988
12861,-9.711702990551254,01/01/1988,01,01,1988
12863,-6.602774152692536,01/01/1988,01,01,1988
12865,-6.911706011568172,01/01/1988,01,01,1988
12866,-1.1581542873461388,01/01/1988,01,01,1988
12870,-8.352364319352303,01/01/1988,01,01,1988
12871,-8.133460812362117,01/01/1988,01,01,1988
12873,-2.4820550490833235,01/01/1988,01,01,1988
12874,-10.826576817178967,01/01/1988,01,01,1988
12878,-2.404188753485779,01/01/1988,01,01,1988
12883,1.234241034046107,01/01/1988,01,01,1988
12885,-4.82316394995768,01/01/1988,01,01,1988
12886,-8.96639355420658,01/01/1988,01,01,1988
12887,-4.5397000228263,01/01/1988,01,01,1988
12901,-8.409411554639856,01/01/1988,01,01,1988
12903,-1.766654925195116,01/01/1988,01,01,1988
12910,-4.8369789029658445,01/01/1988,01,01,1988
12911,-6.792705793776142,01/01/1988,01,01,1988
12912,-10.08891237387648,01/01/1988,01,01,1988
12913,-6.371380448337527,01/01/1988,01,01,1988
12914,-4.753775097474653,01/01/1988,01,01,1988
12916,-8.052452512341178,01/01/1988,01,01,1988
12917,-0.8155494806279046,01/01/1988,01,01,1988
12918,-9.800263878202374,01/01/1988,01,01,1988
12919,-5.360450047949496,01/01/1988,01,01,1988
12920,0.38477732125145125,01/01/1988,01,01,1988
12921,-7.385013262607391,01/01/1988,01,01,1988
12922,-8.424272358215802,01/01/1988,01,01,1988
12923,-9.427803012552328,01/01/1988,01,01,1988
12926,-0.1704914911686631,01/01/1988,01,01,1988
12927,-1.6060931075622897,01/01/1988,01,01,1988
12928,-1.8337881392263602,01/01/1988,01,01,1988
12930,0.7357522704053108,01/01/1988,01,01,1988
12932,-1.07834835956938,01/01/1988,01,01,1988
12934,0.8646018552310338,01/01/1988,01,01,1988
12935,-5.260916418745001,01/01/1988,01,01,1988
12936,-0.0833304501713677,01/01/1988,01,01,1988
12937,-8.465321850830113,01/01/1988,01,01,1988
12941,1.392211380765698,01/01/1988,01,01,1988
12942,-8.106924471768352,01/01/1988,01,01,1988
12943,0.8736624142323548,01/01/1988,01,01,1988
12944,-9.603475356751835,01/01/1988,01,01,1988
12945,-0.41922139502374217,01/01/1988,01,01,1988
12946,0.9210712396686216,01/01/1988,01,01,1988
12950,-8.014806955266668,01/01/1988,01,01,1988
12952,0.9634053050335973,01/01/1988,01,01,1988
12953,-1.442478321156456,01/01/1988,01,01,1988
12955,-0.040423325360506225,01/01/1988,01,01,1988
12956,-10.755548070992546,01/01/1988,01,01,1988
12957,-1.4341515963324138,01/01/1988,01,01,1988
12958,-2.311133623169777,01/01/1988,01,01,1988
12959,-7.810282217707616,01/01/1988,01,01,1988
12960,0.7810584969982398,01/01/1988,01,01,1988
12961,1.067894995773598,01/01/1988,01,01,1988
12962,-1.936135835332661,01/01/1988,01,01,1988
12964,-1.4064182337909197,01/01/1988,01,01,1988
12965,-2.2773932965218036,01/01/1988,01,01,1988
12966,1.5323623818062702,01/01/1988,01,01,1988
12967,-2.6192623123713714,01/01/1988,01,01,1988
12969,-7.24354279585619,01/01/1988,01,01,1988
12970,-7.065430495186972,01/01/1988,01,01,1988
12972,-11.106952977545653,01/01/1988,01,01,1988
12974,-1.504242855833315,01/01/1988,01,01,1988
12979,-2.435510558082993,01/01/1988,01,01,1988
12980,-2.3711105797041863,01/01/1988,01,01,1988
12981,-6.2141102823065575,01/01/1988,01,01,1988
12983,1.0059155743026358,01/01/1988,01,01,1988
12985,-2.222984339856429,01/01/1988,01,01,1988
12986,-2.0777490601960755,01/01/1988,01,01,1988
12987,-1.442478321156456,01/01/1988,01,01,1988
12989,-9.465657958904204,01/01/1988,01,01,1988
12992,-2.1485247709733257,01/01/1988,01,01,1988
12993,0.8590616196167966,01/01/1988,01,01,1988
12996,-1.5741807379633186,01/01/1988,01,01,1988
13021,-6.0874266894223465,01/01/1988,01,01,1988
13026,-1.9824299705192152,01/01/1988,01,01,1988
13027,-7.588956459975427,01/01/1988,01,01,1988
13028,-8.419486363496091,01/01/1988,01,01,1988
13029,-1.8068157830263234,01/01/1988,01,01,1988
13030,-7.326509593457086,01/01/1988,01,01,1988
13031,-5.342831918686537,01/01/1988,01,01,1988
13032,-3.8285841448749505,01/01/1988,01,01,1988
13033,-8.720235859914329,01/01/1988,01,01,1988
13034,-8.288969711927194,01/01/1988,01,01,1988
13035,-1.301793945168996,01/01/1988,01,01,1988
13036,-9.1809869314604,01/01/1988,01,01,1988
13037,-9.209194417473201,01/01/1988,01,01,1988
13039,-6.071912628306299,01/01/1988,01,01,1988
13040,1.468812174081057,01/01/1988,01,01,1988
13041,-4.09325496509623,01/01/1988,01,01,1988
13042,-10.35500164186853,01/01/1988,01,01,1988
13044,-5.733206149486905,01/01/1988,01,01,1988
13045,-8.490655195715844,01/01/1988,01,01,1988
13052,-5.689118492676969,01/01/1988,01,01,1988
13053,-8.376314171077487,01/01/1988,01,01,1988
13054,-4.373149289995842,01/01/1988,01,01,1988
13057,-8.215835626265621,01/01/1988,01,01,1988
13060,-8.854272801031087,01/01/1988,01,01,1988
13061,-1.7026059142763175,01/01/1988,01,01,1988
13062,-8.333036606748571,01/01/1988,01,01,1988
13063,-6.801747383567954,01/01/1988,01,01,1988
13066,-9.1730629168701725,01/01/1988,01,01,1988
13068,-8.270394411704268,01/01/1988,01,01,1988
13069,-8.325089448478892,01/01/1988,01,01,1988
13071,-1.7998392311213731,01/01/1988,01,01,1988
13072,-5.314085645000939,01/01/1988,01,01,1988
13073,-8.475376814908625,01/01/1988,01,01,1988
13074,-2.133973898264194,01/01/1988,01,01,1988
13076,-8.361810534830763,01/01/1988,01,01,1988
13077,-5.454878401721102,01/01/1988,01,01,1988
13078,-4.588344775398729,01/01/1988,01,01,1988
13080,1.0280030001570688,01/01/1988,01,01,1988
13081,-2.127730729692892,01/01/1988,01,01,1988
13082,-8.572464241686948,01/01/1988,01,01,1988
13083,-3.070403478750608,01/01/1988,01,01,1988
13084,-2.288209661955797,01/01/1988,01,01,1988
13088,-2.0919959601221096,01/01/1988,01,01,1988
13090,-1.3551272629186917,01/01/1988,01,01,1988
13092,-5.264208067313037,01/01/1988,01,01,1988
13101,-1.4554448884043467,01/01/1988,01,01,1988
13104,-1.680579508898702,01/01/1988,01,01,1988
13108,-1.7279999094187442,01/01/1988,01,01,1988
13110,1.2366688981470897,01/01/1988,01,01,1988
13111,-1.456694393561272,01/01/1988,01,01,1988
13112,-2.019847666019944,01/01/1988,01,01,1988
13114,1.085050619438422,01/01/1988,01,01,1988
13116,-5.803557310330226,01/01/1988,01,01,1988
13118,-9.29720432093761,01/01/1988,01,01,1988
13120,1.1710223044919215,01/01/1988,01,01,1988
13122,-9.142341616652338,01/01/1988,01,01,1988
13124,-7.253004820926745,01/01/1988,01,01,1988
13126,0.8501394550014689,01/01/1988,01,01,1988
13131,-1.7007320396798788,01/01/1988,01,01,1988
13132,-6.352332600545282,01/01/1988,01,01,1988
13135,-2.5405098950754472,01/01/1988,01,01,1988
13136,-8.247521260970249,01/01/1988,01,01,1988
13140,-2.3397658657810068,01/01/1988,01,01,1988
13141,0.912885077637651,01/01/1988,01,01,1988
13142,-6.625275604149163,01/01/1988,01,01,1988
13143,-1.4716185504056718,01/01/1988,01,01,1988
13144,-1.6765395589154113,01/01/1988,01,01,1988
13145,-8.877577340361546,01/01/1988,01,01,1988
13146,-0.5608470677594036,01/01/1988,01,01,1988
13147,-9.36044722736163,01/01/1988,01,01,1988
13148,-4.3921926569148955,01/01/1988,01,01,1988
13152,-1.4091113797812085,01/01/1988,01,01,1988
13155,-2.3975192430513155,01/01/1988,01,01,1988
13156,-8.200222830756646,01/01/1988,01,01,1988
13158,-1.442478321156456,01/01/1988,01,01,1988
13159,-1.442478321156456,01/01/1988,01,01,1988
13160,-7.028203083117446,01/01/1988,01,01,1988
13164,-4.316897836675561,01/01/1988,01,01,1988
13165,-3.2135542428695953,01/01/1988,01,01,1988
13166,-9.33354289488974,01/01/1988,01,01,1988
13167,-4.844798759043602,01/01/1988,01,01,1988
13202,-5.284034447378975,01/01/1988,01,01,1988
13203,-4.908437910034753,01/01/1988,01,01,1988
13204,-1.4453970143345658,01/01/1988,01,01,1988
13205,-1.298805978340626,01/01/1988,01,01,1988
13206,-2.3315732651066097,01/01/1988,01,01,1988
13207,-3.635361971742906,01/01/1988,01,01,1988
13208,-1.3458634505401998,01/01/1988,01,01,1988
13209,-3.9852274211567433,01/01/1988,01,01,1988
13210,-1.3846108637913386,01/01/1988,01,01,1988
13211,-9.34286877064586,01/01/1988,01,01,1988
13212,-4.843884540781131,01/01/1988,01,01,1988
13214,-1.7132074259636165,01/01/1988,01,01,1988
13215,-3.836538250976791,01/01/1988,01,01,1988
13219,-3.631469222599083,01/01/1988,01,01,1988
13224,-8.861900827674797,01/01/1988,01,01,1988
13290,-1.224729283426892,01/01/1988,01,01,1988
13301,-5.522343203947639,01/01/1988,01,01,1988
13302,-1.5377485568747709,01/01/1988,01,01,1988
13303,-2.182518855143395,01/01/1988,01,01,1988
13304,-7.405674346774899,01/01/1988,01,01,1988
13308,-0.702483678397218,01/01/1988,01,01,1988
13309,1.5152766845787589,01/01/1988,01,01,1988
13310,-2.056020791177104,01/01/1988,01,01,1988
13312,-2.0213029410759784,01/01/1988,01,01,1988
13313,-7.553123199735813,01/01/1988,01,01,1988
13314,-8.02899125768132,01/01/1988,01,01,1988
13315,-1.934070359638392,01/01/1988,01,01,1988
13316,-1.2797825113341392,01/01/1988,01,01,1988
13317,-1.0869584554678642,01/01/1988,01,01,1988
13318,-6.49837046774475,01/01/1988,01,01,1988
13319,-1.1587762900869554,01/01/1988,01,01,1988
13320,-3.310843077709016,01/01/1988,01,01,1988
13322,-2.1468591050755443,01/01/1988,01,01,1988
13323,-7.351125816712809,01/01/1988,01,01,1988
13324,-5.506829915916992,01/01/1988,01,01,1988
13325,-5.021124390112358,01/01/1988,01,01,1988
13326,-5.920709307470629,01/01/1988,01,01,1988
13327,-1.8510753809848073,01/01/1988,01,01,1988
13328,-1.2947069820266874,01/01/1988,01,01,1988
13329,1.0485968037736246,01/01/1988,01,01,1988
13331,-10.752278884265353,01/01/1988,01,01,1988
13332,-6.180103168018206,01/01/1988,01,01,1988
13333,-8.792703168078683,01/01/1988,01,01,1988
13334,-8.865741160527442,01/01/1988,01,01,1988
13335,-7.656703478919714,01/01/1988,01,01,1988
13337,-8.79700233646994,01/01/1988,01,01,1988
13338,0.218312019384922,01/01/1988,01,01,1988
13339,-1.3961637664539046,01/01/1988,01,01,1988
13340,-6.218157767976289,01/01/1988,01,01,1988
13341,1.195507561711316,01/01/1988,01,01,1988
13342,-1.6962290838408018,01/01/1988,01,01,1988
13343,-6.010581239133269,01/01/1988,01,01,1988
13346,-1.767354052355282,01/01/1988,01,01,1988
13348,-3.9405706108522103,01/01/1988,01,01,1988
13350,-1.263511493640101,01/01/1988,01,01,1988
13353,-1.7207845124526957,01/01/1988,01,01,1988
13354,-7.803232988658468,01/01/1988,01,01,1988
13355,-0.09291599626121544,01/01/1988,01,01,1988
13357,1.2242718264347114,01/01/1988,01,01,1988
13360,-2.2679648790434337,01/01/1988,01,01,1988
13361,-1.6195953189062724,01/01/1988,01,01,1988
13363,-9.040151618001262,01/01/1988,01,01,1988
13365,-9.219444216675058,01/01/1988,01,01,1988
13367,-9.57920520207742,01/01/1988,01,01,1988
13368,-1.8009722937241546,01/01/1988,01,01,1988
13402,0.3838364752767867,01/01/1988,01,01,1988
13403,-8.410518151515808,01/01/1988,01,01,1988
13406,-6.262434251257668,01/01/1988,01,01,1988
13407,-1.8746605322001864,01/01/1988,01,01,1988
13408,-0.42462663295825714,01/01/1988,01,01,1988
13409,-2.3417067122671615,01/01/1988,01,01,1988
13411,-1.936135835332661,01/01/1988,01,01,1988
13413,1.0697440596456163,01/01/1988,01,01,1988
13416,-9.193523151348645,01/01/1988,01,01,1988
13417,-6.225486557138609,01/01/1988,01,01,1988
13418,-1.9685324016400616,01/01/1988,01,01,1988
13420,-7.00722620102617,01/01/1988,01,01,1988
13421,1.0877050520229774,01/01/1988,01,01,1988
13424,1.264014994180437,01/01/1988,01,01,1988
13425,-9.056965836449137,01/01/1988,01,01,1988
13428,-0.6278858482147087,01/01/1988,01,01,1988
13431,-8.951058694847324,01/01/1988,01,01,1988
13433,-2.3009596212173666,01/01/1988,01,01,1988
13436,-9.08491123015215,01/01/1988,01,01,1988
13437,-5.439353836016744,01/01/1988,01,01,1988
13438,-2.3857847995766264,01/01/1988,01,01,1988
13439,-9.13001417441408,01/01/1988,01,01,1988
13440,-3.1364433283859166,01/01/1988,01,01,1988
13450,-8.5822853784833,01/01/1988,01,01,1988
13452,0.7518800015628693,01/01/1988,01,01,1988
13454,-7.998833970858271,01/01/1988,01,01,1988
13456,-1.5468870342092773,01/01/1988,01,01,1988
13459,-1.827654684124556,01/01/1988,01,01,1988
13460,-7.659834828743139,01/01/1988,01,01,1988
13461,-5.156484963241847,01/01/1988,01,01,1988
13464,-1.727710042002942,01/01/1988,01,01,1988
13468,-1.3821983261598705,01/01/1988,01,01,1988
13469,-8.956388288590382,01/01/1988,01,01,1988
13470,-8.628151285486059,01/01/1988,01,01,1988
13471,0.14336321067336671,01/01/1988,01,01,1988
13473,-10.752262660219953,01/01/1988,01,01,1988
13475,-3.8553998704171297,01/01/1988,01,01,1988
13476,-5.3928837205228906,01/01/1988,01,01,1988
13477,-1.296389541040377,01/01/1988,01,01,1988
13478,-10.702707028689895,01/01/1988,01,01,1988
13480,-0.10036406223839742,01/01/1988,01,01,1988
13483,-3.4685947920413556,01/01/1988,01,01,1988
13485,-1.8412030792343588,01/01/1988,01,01,1988
13486,-8.596888808772674,01/01/1988,01,01,1988
13489,-1.7345117163672512,01/01/1988,01,01,1988
13490,-4.00865343112325,01/01/1988,01,01,1988
13491,-2.167251010338411,01/01/1988,01,01,1988
13492,-3.6565784091257436,01/01/1988,01,01,1988
13493,-6.470075396885092,01/01/1988,01,01,1988
13495,-1.4067256476533971,01/01/1988,01,01,1988
13501,-1.1652820787822045,01/01/1988,01,01,1988
13502,-5.676868929477913,01/01/1988,01,01,1988
13601,-1.5799206362456597,01/01/1988,01,01,1988
13602,-1.7433423554957241,01/01/1988,01,01,1988
13603,-2.2247020832795132,01/01/1988,01,01,1988
13605,-1.9867310033953314,01/01/1988,01,01,1988
13606,-1.6215158313639952,01/01/1988,01,01,1988
13607,-2.2917755609564,01/01/1988,01,01,1988
13608,-2.7723472645999103,01/01/1988,01,01,1988
13612,-2.165722810550549,01/01/1988,01,01,1988
13613,-2.372931662570841,01/01/1988,01,01,1988
13614,-3.0407262737613845,01/01/1988,01,01,1988
13615,-7.9065632397731305,01/01/1988,01,01,1988
13616,-1.2619334881418989,01/01/1988,01,01,1988
13617,-1.8903347255021952,01/01/1988,01,01,1988
13618,-4.7015900247669595,01/01/1988,01,01,1988
13619,-7.126440744598592,01/01/1988,01,01,1988
13620,-0.10367767008349402,01/01/1988,01,01,1988
13621,-1.8462523707111613,01/01/1988,01,01,1988
13622,-5.566308412788257,01/01/1988,01,01,1988
13624,-0.473035817476575,01/01/1988,01,01,1988
13625,0.2584306893542415,01/01/1988,01,01,1988
13626,-1.8435424351132248,01/01/1988,01,01,1988
13630,-3.1586065881606142,01/01/1988,01,01,1988
13633,-2.1883004624520255,01/01/1988,01,01,1988
13634,-8.800923901095947,01/01/1988,01,01,1988
13635,-7.881184704299503,01/01/1988,01,01,1988
13637,-1.3191570307405993,01/01/1988,01,01,1988
13638,-4.016229850211373,01/01/1988,01,01,1988
13639,-1.4229456337967215,01/01/1988,01,01,1988
13640,-1.6940761633367785,01/01/1988,01,01,1988
13642,-1.930882371976803,01/01/1988,01,01,1988
13646,-2.750631495151183,01/01/1988,01,01,1988
13648,-5.714709589312673,01/01/1988,01,01,1988
13650,-2.3466780748155047,01/01/1988,01,01,1988
13652,-2.355720151538448,01/01/1988,01,01,1988
13654,-2.9158228555684356,01/01/1988,01,01,1988
13655,1.3121654600984514,01/01/1988,01,01,1988
13656,-2.0144813239079737,01/01/1988,01,01,1988
13658,-8.101624269311415,01/01/1988,01,01,1988
13659,-1.4051389496429645,01/01/1988,01,01,1988
13660,-6.2718985652810915,01/01/1988,01,01,1988
13661,-2.135049502263075,01/01/1988,01,01,1988
13662,0.37333766062295665,01/01/1988,01,01,1988
13664,-7.917841403458753,01/01/1988,01,01,1988
13665,-6.965410671068046,01/01/1988,01,01,1988
13667,-5.589499610850788,01/01/1988,01,01,1988
13668,-7.776621388904157,01/01/1988,01,01,1988
13669,-8.42405394826844,01/01/1988,01,01,1988
13670,-8.726115122696925,01/01/1988,01,01,1988
13672,-8.24037623728227,01/01/1988,01,01,1988
13673,-2.289388886817362,01/01/1988,01,01,1988
13675,-1.714153067232707,01/01/1988,01,01,1988
13676,-2.7977490738143698,01/01/1988,01,01,1988
13679,-1.7843812715988703,01/01/1988,01,01,1988
13680,-2.335590171649685,01/01/1988,01,01,1988
13681,-7.807009988185716,01/01/1988,01,01,1988
13682,-6.304275950283158,01/01/1988,01,01,1988
13684,-6.453049900549574,01/01/1988,01,01,1988
13685,1.1906970423659402,01/01/1988,01,01,1988
13687,-4.2214226997638775,01/01/1988,01,01,1988
13690,-8.389158427786482,01/01/1988,01,01,1988
13691,-2.159983825492599,01/01/1988,01,01,1988
13693,1.1606338541676615,01/01/1988,01,01,1988
13694,-1.0198519475395578,01/01/1988,01,01,1988
13697,-3.66585230983574,01/01/1988,01,01,1988
13730,-9.151981395839556,01/01/1988,01,01,1988
13731,-2.0649586249210317,01/01/1988,01,01,1988
13732,-8.440173678060708,01/01/1988,01,01,1988
13733,-1.7366627965174222,01/01/1988,01,01,1988
13734,-8.48103623599881,01/01/1988,01,01,1988
13736,-7.703625491380948,01/01/1988,01,01,1988
13739,0.8556152622044128,01/01/1988,01,01,1988
13740,-7.4769050854300065,01/01/1988,01,01,1988
13743,-8.299982307789163,01/01/1988,01,01,1988
13744,-9.202811272687637,01/01/1988,01,01,1988
13746,0.4343421238688627,01/01/1988,01,01,1988
13748,-6.6668064982891675,01/01/1988,01,01,1988
13750,-7.939070883842818,01/01/1988,01,01,1988
13752,-5.771674602849649,01/01/1988,01,01,1988
13753,0.913739668279156,01/01/1988,01,01,1988
13754,-1.7187444623929924,01/01/1988,01,01,1988
13755,-6.723784858156876,01/01/1988,01,01,1988
13756,-1.6071837469614128,01/01/1988,01,01,1988
13757,-3.2510611902908404,01/01/1988,01,01,1988
13760,-2.2790938702352337,01/01/1988,01,01,1988
13774,-6.497874346792954,01/01/1988,01,01,1988
13775,-7.773555850483559,01/01/1988,01,01,1988
13776,-2.5580021414639047,01/01/1988,01,01,1988
13777,-1.6558467136765136,01/01/1988,01,01,1988
13778,-8.454285608863165,01/01/1988,01,01,1988
13780,-5.866361314392848,01/01/1988,01,01,1988
13782,-4.634502167817106,01/01/1988,01,01,1988
13783,-5.674040106255929,01/01/1988,01,01,1988
13786,0.913443327219407,01/01/1988,01,01,1988
13787,-8.911353238797016,01/01/1988,01,01,1988
13788,1.045707654206727,01/01/1988,01,01,1988
13790,-5.880107309000868,01/01/1988,01,01,1988
13795,-9.160496122448462,01/01/1988,01,01,1988
13796,-1.5165545429489757,01/01/1988,01,01,1988
13797,-8.42270885854264,01/01/1988,01,01,1988
13801,-5.566840747790134,01/01/1988,01,01,1988
13802,-8.816445758301873,01/01/1988,01,01,1988
13803,-8.340884874734174,01/01/1988,01,01,1988
13804,-4.90166704326599,01/01/1988,01,01,1988
13807,-7.971373018192165,01/01/1988,01,01,1988
13808,-7.979375798863697,01/01/1988,01,01,1988
13809,-1.9304927165281447,01/01/1988,01,01,1988
13810,-5.669617921232768,01/01/1988,01,01,1988
13811,-9.093354990047029,01/01/1988,01,01,1988
13812,-8.301909599368525,01/01/1988,01,01,1988
13813,-9.095705380310804,01/01/1988,01,01,1988
13815,-7.52323793663372,01/01/1988,01,01,1988
13820,-4.9191609960271725,01/01/1988,01,01,1988
13825,-8.170629661238667,01/01/1988,01,01,1988
13827,-9.583605197500411,01/01/1988,01,01,1988
13830,-9.157522282989843,01/01/1988,01,01,1988
13832,-5.832418078789862,01/01/1988,01,01,1988
13833,-1.9365945985713262,01/01/1988,01,01,1988
13834,1.15469833471361,01/01/1988,01,01,1988
13835,-1.4127638224688315,01/01/1988,01,01,1988
13838,0.7453160779615314,01/01/1988,01,01,1988
13839,1.6167993029467023,01/01/1988,01,01,1988
13841,0.3099098501887745,01/01/1988,01,01,1988
13842,-1.8308369739943595,01/01/1988,01,01,1988
13843,-8.642654994140402,01/01/1988,01,01,1988
13844,-8.5644668964325,01/01/1988,01,01,1988
13846,-8.760669605118363,01/01/1988,01,01,1988
13849,0.16190596527869275,01/01/1988,01,01,1988
13850,-0.1015068871589659,01/01/1988,01,01,1988
13856,-7.536021192885214,01/01/1988,01,01,1988
13859,-5.253642551783436,01/01/1988,01,01,1988
13861,-1.2911114680894058,01/01/1988,01,01,1988
13862,-1.9446532741098934,01/01/1988,01,01,1988
13863,-5.348348956778805,01/01/1988,01,01,1988
13864,-10.03143763384186,01/01/1988,01,01,1988
13865,-7.814811477292373,01/01/1988,01,01,1988
13901,-2.4058734316570614,01/01/1988,01,01,1988
13903,-9.115073177271707,01/01/1988,01,01,1988
13904,-9.177283747089637,01/01/1988,01,01,1988
13905,-2.00051201793003,01/01/1988,01,01,1988
14001,-8.510040657654447,01/01/1988,01,01,1988
14004,-1.7006453409223286,01/01/1988,01,01,1988
14005,-2.652640579388926,01/01/1988,01,01,1988
14006,1.0463417697509603,01/01/1988,01,01,1988
14008,-4.910004467305604,01/01/1988,01,01,1988
14009,0.1552265224522892,01/01/1988,01,01,1988
14011,-8.490702861666577,01/01/1988,01,01,1988
14012,-4.603575002481017,01/01/1988,01,01,1988
14013,1.16233629014227,01/01/1988,01,01,1988
14020,-1.9970476587310642,01/01/1988,01,01,1988
14024,-7.51835831702315,01/01/1988,01,01,1988
14025,-7.837546918105908,01/01/1988,01,01,1988
14026,-9.274208756497723,01/01/1988,01,01,1988
14028,-2.997206234952792,01/01/1988,01,01,1988
14030,-1.693868014154899,01/01/1988,01,01,1988
14031,-1.0268910459179525,01/01/1988,01,01,1988
14032,-0.707087508031574,01/01/1988,01,01,1988
14033,-2.2355276896295004,01/01/1988,01,01,1988
14034,-1.7111411615431513,01/01/1988,01,01,1988
14036,-1.936135835332661,01/01/1988,01,01,1988
14037,-4.4727489781757965,01/01/1988,01,01,1988
14039,-4.647934123669877,01/01/1988,01,01,1988
14040,-5.087066782695499,01/01/1988,01,01,1988
14042,-9.490825211336897,01/01/1988,01,01,1988
14043,-2.1538041925006475,01/01/1988,01,01,1988
14047,-1.442478321156456,01/01/1988,01,01,1988
14048,-6.7947012782056335,01/01/1988,01,01,1988
14051,1.2568530268051503,01/01/1988,01,01,1988
14052,-1.6857275189566576,01/01/1988,01,01,1988
14054,-1.936135835332661,01/01/1988,01,01,1988
14055,-1.7365332134691531,01/01/1988,01,01,1988
14057,-1.9300044354593133,01/01/1988,01,01,1988
14058,-10.343270685717158,01/01/1988,01,01,1988
14059,-2.608369364901608,01/01/1988,01,01,1988
14060,-5.107811910180803,01/01/1988,01,01,1988
14062,0.8082467763760586,01/01/1988,01,01,1988
14063,-7.994444135214537,01/01/1988,01,01,1988
14065,-6.372643001630395,01/01/1988,01,01,1988
14066,-2.289814817390319,01/01/1988,01,01,1988
14067,-8.911757487772503,01/01/1988,01,01,1988
14068,0.18005713977791138,01/01/1988,01,01,1988
14069,-1.8691736426791106,01/01/1988,01,01,1988
14070,-6.5618799327034605,01/01/1988,01,01,1988
14072,-7.659605535843691,01/01/1988,01,01,1988
14075,-4.622076547978647,01/01/1988,01,01,1988
14080,-8.754034578414668,01/01/1988,01,01,1988
14081,-4.117680488113787,01/01/1988,01,01,1988
14082,-8.438805978261552,01/01/1988,01,01,1988
14083,-8.55369434341737,01/01/1988,01,01,1988
14085,-8.332251338482079,01/01/1988,01,01,1988
14086,-1.8554443497848856,01/01/1988,01,01,1988
14091,-8.745766692072726,01/01/1988,01,01,1988
14092,-1.2964997698673792,01/01/1988,01,01,1988
14094,-8.359255744869397,01/01/1988,01,01,1988
14098,-5.7087737454791965,01/01/1988,01,01,1988
14101,-2.4570802582313043,01/01/1988,01,01,1988
14102,-7.0007889730367445,01/01/1988,01,01,1988
14103,-4.175535537219288,01/01/1988,01,01,1988
14105,-7.298978046727404,01/01/1988,01,01,1988
14108,-1.2961317595576252,01/01/1988,01,01,1988
14111,-9.124934549017803,01/01/1988,01,01,1988
14113,-4.3981481564563945,01/01/1988,01,01,1988
14120,-2.0699803813731488,01/01/1988,01,01,1988
14125,1.0601241845474476,01/01/1988,01,01,1988
14127,-7.327501481591842,01/01/1988,01,01,1988
14129,-8.821721447691145,01/01/1988,01,01,1988
14131,-9.837257043514494,01/01/1988,01,01,1988
14132,-8.942071883725328,01/01/1988,01,01,1988
14134,-2.559587355650546,01/01/1988,01,01,1988
14136,-9.076503651374635,01/01/1988,01,01,1988
14138,-1.4763475887008148,01/01/1988,01,01,1988
14139,-1.660294845674903,01/01/1988,01,01,1988
14141,-0.7861063389410305,01/01/1988,01,01,1988
14143,-1.4248061244977586,01/01/1988,01,01,1988
14145,-1.8928279982024787,01/01/1988,01,01,1988
14150,0.9226712752294166,01/01/1988,01,01,1988
14167,-6.057890452281494,01/01/1988,01,01,1988
14170,-1.442478321156456,01/01/1988,01,01,1988
14171,-9.08531425312742,01/01/1988,01,01,1988
14172,-0.21318150486061077,01/01/1988,01,01,1988
14174,-1.7503896684524594,01/01/1988,01,01,1988
14201,-8.693147430318906,01/01/1988,01,01,1988
14202,-11.183629239375895,01/01/1988,01,01,1988
14203,-7.95450206444501,01/01/1988,01,01,1988
14204,-0.5839873505541289,01/01/1988,01,01,1988
14206,-1.442478321156456,01/01/1988,01,01,1988
14207,-1.8250555511219084,01/01/1988,01,01,1988
14208,-9.109527206730109,01/01/1988,01,01,1988
14209,-1.7038086489531796,01/01/1988,01,01,1988
14210,-9.416835999664691,01/01/1988,01,01,1988
14211,0.9906545335081354,01/01/1988,01,01,1988
14212,-1.442478321156456,01/01/1988,01,01,1988
14213,-8.615292195656117,01/01/1988,01,01,1988
14214,-8.598346997720864,01/01/1988,01,01,1988
14215,-1.5949866511618436,01/01/1988,01,01,1988
14216,-5.9483457340290045,01/01/1988,01,01,1988
14217,-1.6146240889077308,01/01/1988,01,01,1988
14218,-9.164727549528777,01/01/1988,01,01,1988
14219,-2.466838700918819,01/01/1988,01,01,1988
14220,-6.001062615349112,01/01/1988,01,01,1988
14221,-2.386399036993984,01/01/1988,01,01,1988
14222,-1.442478321156456,01/01/1988,01,01,1988
14223,-2.2486277332100113,01/01/1988,01,01,1988
14224,-2.1247298176874256,01/01/1988,01,01,1988
14225,-1.7973228342039116,01/01/1988,01,01,1988
14226,-1.5435626145371646,01/01/1988,01,01,1988
14227,-8.165233257515489,01/01/1988,01,01,1988
14228,-4.342566658325763,01/01/1988,01,01,1988
14301,-4.193279901091679,01/01/1988,01,01,1988
14303,-8.283547263875843,01/01/1988,01,01,1988
14304,-8.02534831717559,01/01/1988,01,01,1988
14305,-1.2887206545290952,01/01/1988,01,01,1988
14411,-2.2865333965063384,01/01/1988,01,01,1988
14414,-5.553860896473654,01/01/1988,01,01,1988
14415,0.5917018681963353,01/01/1988,01,01,1988
14416,-8.091391553610046,01/01/1988,01,01,1988
14418,-2.6060830877444294,01/01/1988,01,01,1988
14420,-8.796437276652712,01/01/1988,01,01,1988
14422,-5.689851435194867,01/01/1988,01,01,1988
14423,-1.3772025875835971,01/01/1988,01,01,1988
14424,-1.4531170964130342,01/01/1988,01,01,1988
14425,-0.8063705454305738,01/01/1988,01,01,1988
14427,-7.861452063849407,01/01/1988,01,01,1988
14428,-8.417930601299457,01/01/1988,01,01,1988
14432,-1.2714170637511557,01/01/1988,01,01,1988
14433,-4.4300586618046225,01/01/1988,01,01,1988
14435,-2.8636390161448118,01/01/1988,01,01,1988
14437,-9.602500444794861,01/01/1988,01,01,1988
14441,-7.838614470633697,01/01/1988,01,01,1988
14445,-0.9050405196176754,01/01/1988,01,01,1988
14450,-1.1308411899125796,01/01/1988,01,01,1988
14454,-6.381950048145561,01/01/1988,01,01,1988
14456,-3.1924419933539903,01/01/1988,01,01,1988
14462,-0.2646594972773847,01/01/1988,01,01,1988
14464,-0.9775675349532844,01/01/1988,01,01,1988
14466,-1.9229216939052436,01/01/1988,01,01,1988
14467,-0.11362580057844174,01/01/1988,01,01,1988
14468,-1.157054134105457,01/01/1988,01,01,1988
14469,-5.124715944830635,01/01/1988,01,01,1988
14470,-1.5820369368801754,01/01/1988,01,01,1988
14471,-5.352448351950392,01/01/1988,01,01,1988
14472,-7.833261562463391,01/01/1988,01,01,1988
14475,-1.146559193432581,01/01/1988,01,01,1988
14476,1.6499459113717125,01/01/1988,01,01,1988
14477,1.231504734390953,01/01/1988,01,01,1988
14478,-8.896440261862978,01/01/1988,01,01,1988
14480,-9.171709991782679,01/01/1988,01,01,1988
14481,-5.924892950512813,01/01/1988,01,01,1988
14482,0.5069731805970675,01/01/1988,01,01,1988
14485,-9.1334771512793,01/01/1988,01,01,1988
14487,-7.154377507902677,01/01/1988,01,01,1988
14489,-2.2347946788683544,01/01/1988,01,01,1988
14502,-1.5464224581190422,01/01/1988,01,01,1988
14504,-1.0686796747168974,01/01/1988,01,01,1988
14505,-7.408542755772393,01/01/1988,01,01,1988
14506,-9.105933346609644,01/01/1988,01,01,1988
14507,-7.27387269972003,01/01/1988,01,01,1988
14510,-5.684806643542183,01/01/1988,01,01,1988
14512,0.19408316118460495,01/01/1988,01,01,1988
14513,-1.2040087887514754,01/01/1988,01,01,1988
14514,-8.832397878574627,01/01/1988,01,01,1988
14516,-6.514777508585782,01/01/1988,01,01,1988
14517,-1.6316504507426957,01/01/1988,01,01,1988
14519,-9.0616040606204,01/01/1988,01,01,1988
14521,0.561943801274151,01/01/1988,01,01,1988
14522,-2.6010952848792015,01/01/1988,01,01,1988
14525,0.44449378523054156,01/01/1988,01,01,1988
14526,-1.5893779776626495,01/01/1988,01,01,1988
14527,-7.144515256163035,01/01/1988,01,01,1988
14530,-7.817144441054865,01/01/1988,01,01,1988
14532,-2.2524698578805205,01/01/1988,01,01,1988
14533,-6.976903963859765,01/01/1988,01,01,1988
14534,-6.889376202272292,01/01/1988,01,01,1988
14536,0.9564990743787802,01/01/1988,01,01,1988
14541,-6.1425749941566945,01/01/1988,01,01,1988
14543,-5.800518733112598,01/01/1988,01,01,1988
14544,-8.54407894490268,01/01/1988,01,01,1988
14545,-9.339117674402628,01/01/1988,01,01,1988
14546,-1.639375478548105,01/01/1988,01,01,1988
14548,1.2331292986124094,01/01/1988,01,01,1988
14550,-4.713922568669695,01/01/1988,01,01,1988
14551,-9.650600508138533,01/01/1988,01,01,1988
14555,-8.936856879159187,01/01/1988,01,01,1988
14559,-1.79951423943684,01/01/1988,01,01,1988
14560,-5.367002917333593,01/01/1988,01,01,1988
14561,-8.783635560176839,01/01/1988,01,01,1988
14564,-1.6269507815221322,01/01/1988,01,01,1988
14568,-8.509918749450966,01/01/1988,01,01,1988
14569,-2.340136245093159,01/01/1988,01,01,1988
14571,-10.619189873420199,01/01/1988,01,01,1988
14572,-1.5542074378756348,01/01/1988,01,01,1988
14580,1.1663516464144557,01/01/1988,01,01,1988
14585,-2.325971256559665,01/01/1988,01,01,1988
14586,-0.10792941957882747,01/01/1988,01,01,1988
14589,-4.595774769706373,01/01/1988,01,01,1988
14590,-6.177271065724367,01/01/1988,01,01,1988
14591,-1.388456525001369,01/01/1988,01,01,1988
14604,-2.2489553387899313,01/01/1988,01,01,1988
14605,-8.933129120923358,01/01/1988,01,01,1988
14606,0.2970245757971589,01/01/1988,01,01,1988
14607,-0.06415581518057559,01/01/1988,01,01,1988
14608,1.242022371340621,01/01/1988,01,01,1988
14609,-0.26893394975453516,01/01/1988,01,01,1988
14610,-0.9032972720947232,01/01/1988,01,01,1988
14611,-8.249709345880355,01/01/1988,01,01,1988
14612,-8.383144716848635,01/01/1988,01,01,1988
14613,-9.604477546447372,01/01/1988,01,01,1988
14614,-1.1748838215434185,01/01/1988,01,01,1988
14615,-5.881809415643348,01/01/1988,01,01,1988
14616,-5.166871066076901,01/01/1988,01,01,1988
14617,-1.8141137432261145,01/01/1988,01,01,1988
14618,-1.8565605249167327,01/01/1988,01,01,1988
14619,-2.9854394389506678,01/01/1988,01,01,1988
14620,-1.3679792233787822,01/01/1988,01,01,1988
14621,-8.158726404039758,01/01/1988,01,01,1988
14622,-1.5165697735462966,01/01/1988,01,01,1988
14623,0.623700341378149,01/01/1988,01,01,1988
14624,-2.1455270560587687,01/01/1988,01,01,1988
14625,-0.41124933613318654,01/01/1988,01,01,1988
14626,-2.0206378491665773,01/01/1988,01,01,1988
14701,-6.924925598059933,01/01/1988,01,01,1988
14706,-8.846038695645312,01/01/1988,01,01,1988
14708,-1.619069705524657,01/01/1988,01,01,1988
14709,-1.9101992951422173,01/01/1988,01,01,1988
14710,0.8937059575227488,01/01/1988,01,01,1988
14711,-6.168580561398381,01/01/1988,01,01,1988
14712,-5.704765778575708,01/01/1988,01,01,1988
14714,-2.3728686938651475,01/01/1988,01,01,1988
14715,-10.772108004886322,01/01/1988,01,01,1988
14716,-2.399129152394536,01/01/1988,01,01,1988
14717,-8.280211364999111,01/01/1988,01,01,1988
14718,-4.256568058784374,01/01/1988,01,01,1988
14719,-1.4419127797772147,01/01/1988,01,01,1988
14721,-1.9362606189335778,01/01/1988,01,01,1988
14723,-9.1996773763215,01/01/1988,01,01,1988
14724,-1.9482659812092344,01/01/1988,01,01,1988
14726,-7.838727637317676,01/01/1988,01,01,1988
14727,-8.033110542419797,01/01/1988,01,01,1988
14728,-1.8813209379972986,01/01/1988,01,01,1988
14729,-8.73232249598615,01/01/1988,01,01,1988
14731,-5.760422965131301,01/01/1988,01,01,1988
14733,-5.423378632649244,01/01/1988,01,01,1988
14735,-0.2919852905770816,01/01/1988,01,01,1988
14736,-1.301989947923486,01/01/1988,01,01,1988
14737,-4.110887896378343,01/01/1988,01,01,1988
14738,-8.325629561684192,01/01/1988,01,01,1988
14739,-8.919639099868375,01/01/1988,01,01,1988
14740,-9.1250251079526,01/01/1988,01,01,1988
14741,-6.585301058740607,01/01/1988,01,01,1988
14743,-9.525690291731731,01/01/1988,01,01,1988
14744,-8.264502950773444,01/01/1988,01,01,1988
14747,-8.384931466209395,01/01/1988,01,01,1988
14748,-8.139368345432104,01/01/1988,01,01,1988
14750,-1.8308369739943595,01/01/1988,01,01,1988
14753,-7.732500932966762,01/01/1988,01,01,1988
14754,-2.4137573311255496,01/01/1988,01,01,1988
14755,-7.366022424346272,01/01/1988,01,01,1988
14757,-2.397824716759362,01/01/1988,01,01,1988
14760,-9.420526237865323,01/01/1988,01,01,1988
14767,-8.120969262064103,01/01/1988,01,01,1988
14769,-5.4558457810810586,01/01/1988,01,01,1988
14770,-1.9365945985713262,01/01/1988,01,01,1988
14772,-2.402439819141613,01/01/1988,01,01,1988
14775,-6.426263998496418,01/01/1988,01,01,1988
14777,-9.737262677705997,01/01/1988,01,01,1988
14779,-2.2238081582675413,01/01/1988,01,01,1988
14781,-1.4073624078196572,01/01/1988,01,01,1988
14782,-9.03635058603464,01/01/1988,01,01,1988
14783,-8.22050929908223,01/01/1988,01,01,1988
14784,-8.389453522846727,01/01/1988,01,01,1988
14787,-1.8241336037225635,01/01/1988,01,01,1988
14801,-8.11854625869882,01/01/1988,01,01,1988
14802,-1.9365643112895503,01/01/1988,01,01,1988
14803,-9.03867503400399,01/01/1988,01,01,1988
14804,-9.308302607512383,01/01/1988,01,01,1988
14805,-3.041579043824602,01/01/1988,01,01,1988
14806,-9.019939407205113,01/01/1988,01,01,1988
14807,0.9440796272067078,01/01/1988,01,01,1988
14808,-0.3308133131891163,01/01/1988,01,01,1988
14809,-8.269291761726482,01/01/1988,01,01,1988
14810,-0.903354672849042,01/01/1988,01,01,1988
14812,-1.9141210104024444,01/01/1988,01,01,1988
14813,-7.445931986170793,01/01/1988,01,01,1988
14814,-10.999486735233937,01/01/1988,01,01,1988
14815,-8.768046978081566,01/01/1988,01,01,1988
14816,-5.864837290879514,01/01/1988,01,01,1988
14817,-8.409627066914009,01/01/1988,01,01,1988
14818,-8.553472654950635,01/01/1988,01,01,1988
14819,0.43603833482711873,01/01/1988,01,01,1988
14820,1.0040239021755264,01/01/1988,01,01,1988
14821,-8.323636737345907,01/01/1988,01,01,1988
14822,-6.987049221754741,01/01/1988,01,01,1988
14823,-1.6773052003263487,01/01/1988,01,01,1988
14824,-8.661815186411935,01/01/1988,01,01,1988
14825,-1.425353826398636,01/01/1988,01,01,1988
14826,-2.2878026132385028,01/01/1988,01,01,1988
14830,-8.180329232947267,01/01/1988,01,01,1988
14836,-7.710589859194556,01/01/1988,01,01,1988
14837,-8.93742066783899,01/01/1988,01,01,1988
14838,-0.06105052730811098,01/01/1988,01,01,1988
14839,0.3826953667959163,01/01/1988,01,01,1988
14840,-5.658553332379032,01/01/1988,01,01,1988
14841,-6.814433808372429,01/01/1988,01,01,1988
14842,-7.521140245117253,01/01/1988,01,01,1988
14843,-7.157829894800123,01/01/1988,01,01,1988
14845,-2.107356310117442,01/01/1988,01,01,1988
14846,-0.048718694273246856,01/01/1988,01,01,1988
14847,-9.19148441789297,01/01/1988,01,01,1988
14850,0.2085584634136028,01/01/1988,01,01,1988
14855,-4.287008140635177,01/01/1988,01,01,1988
14857,-10.109147891679898,01/01/1988,01,01,1988
14858,-8.121235768436392,01/01/1988,01,01,1988
14859,-8.776540728128726,01/01/1988,01,01,1988
14860,-1.3493845730442096,01/01/1988,01,01,1988
14861,-7.543976574224273,01/01/1988,01,01,1988
14864,-9.072838900906218,01/01/1988,01,01,1988
14865,-8.22325647599892,01/01/1988,01,01,1988
14867,-8.723503903568028,01/01/1988,01,01,1988
14869,-1.3067408303781343,01/01/1988,01,01,1988
14870,-5.81299216619773,01/01/1988,01,01,1988
14871,-2.1480367256708277,01/01/1988,01,01,1988
14872,-8.948895255296616,01/01/1988,01,01,1988
14873,-8.274543319989364,01/01/1988,01,01,1988
14874,-8.924295076199318,01/01/1988,01,01,1988
14877,-9.31567984944759,01/01/1988,01,01,1988
14878,-0.40653162835248496,01/01/1988,01,01,1988
14879,-8.294277123848818,01/01/1988,01,01,1988
14880,-1.9365945985713262,01/01/1988,01,01,1988
14881,-0.8852881272801515,01/01/1988,01,01,1988
14882,-4.776058685613628,01/01/1988,01,01,1988
14883,-8.531361065260306,01/01/1988,01,01,1988
14884,-8.019594243874645,01/01/1988,01,01,1988
14885,-1.8300784108912904,01/01/1988,01,01,1988
14886,0.043432743089213986,01/01/1988,01,01,1988
14889,-1.979295402129491,01/01/1988,01,01,1988
14891,-7.923591721820308,01/01/1988,01,01,1988
14892,0.915895312993788,01/01/1988,01,01,1988
14894,-4.758653469362264,01/01/1988,01,01,1988
14895,-1.7496316827927265,01/01/1988,01,01,1988
14897,-6.800405548792724,01/01/1988,01,01,1988
14898,-4.960993522723518,01/01/1988,01,01,1988
14901,-4.644947984773887,01/01/1988,01,01,1988
14903,-9.212293634352397,01/01/1988,01,01,1988
14904,-9.43864577987563,01/01/1988,01,01,1988
14905,0.6390693808760514,01/01/1988,01,01,1988
